timestep,policy,total_messages,total_bytes,byte_hops,max_link_load_bytes,mean_active_link_load_bytes,hot_link_count,max_hops,serialization_cycles,estimated_latency_cycles,migration_byte_hops,moved_tasks,realized_objective
4,static,64.0,16384.0,0.0,0.0,0.0,0,0,0.0,0.0,0.0,0,0.0
5,static,64.0,16384.0,0.0,0.0,0.0,0,0,0.0,0.0,0.0,0,0.0
6,static,64.0,16384.0,0.0,0.0,0.0,0,0,0.0,0.0,0.0,0,0.0
7,static,64.0,16384.0,0.0,0.0,0.0,0,0,0.0,0.0,0.0,0,0.0
8,static,64.0,16384.0,0.0,0.0,0.0,0,0,0.0,0.0,0.0,0,0.0
9,static,64.0,16384.0,0.0,0.0,0.0,0,0,0.0,0.0,0.0,0,0.0
10,static,64.0,16384.0,0.0,0.0,0.0,0,0,0.0,0.0,0.0,0,0.0
11,static,64.0,16384.0,0.0,0.0,0.0,0,0,0.0,0.0,0.0,0,0.0
12,static,64.0,16384.0,0.0,0.0,0.0,0,0,0.0,0.0,0.0,0,0.0
13,static,64.0,16384.0,0.0,0.0,0.0,0,0,0.0,0.0,0.0,0,0.0
14,static,64.0,16384.0,4096.0,256.0,256.0,16,7,4.0,11.0,0.0,0,5120.0
15,static,64.0,16384.0,7168.0,256.0,256.0,28,7,4.0,11.0,0.0,0,8192.0
16,static,64.0,16384.0,10240.0,256.0,256.0,40,7,4.0,11.0,0.0,0,11264.0
17,static,64.0,16384.0,14592.0,256.0,256.0,57,7,4.0,11.0,0.0,0,15616.0
18,static,64.0,16384.0,16384.0,512.0,260.06349206349205,1,7,8.0,15.0,0.0,0,18432.0
19,static,64.0,16384.0,21760.0,512.0,262.1686746987952,2,7,8.0,15.0,0.0,0,23808.0
20,static,64.0,16384.0,25600.0,512.0,261.2244897959184,2,7,8.0,15.0,0.0,0,27648.0
21,static,64.0,16384.0,28416.0,512.0,263.1111111111111,3,7,8.0,15.0,0.0,0,30464.0
22,static,64.0,16384.0,29952.0,512.0,279.9252336448598,10,8,8.0,16.0,0.0,0,32000.0
23,static,64.0,16384.0,33792.0,512.0,274.7317073170732,9,8,8.0,16.0,0.0,0,35840.0
24,static,64.0,16384.0,36864.0,512.0,271.05882352941177,8,8,8.0,16.0,0.0,0,38912.0
25,static,64.0,16384.0,38656.0,512.0,272.22535211267603,9,8,8.0,16.0,0.0,0,40704.0
26,static,64.0,16384.0,40960.0,512.0,269.4736842105263,8,8,8.0,16.0,0.0,0,43008.0
27,static,64.0,16384.0,41984.0,512.0,269.12820512820514,8,8,8.0,16.0,0.0,0,44032.0
28,static,64.0,16384.0,42752.0,512.0,270.5822784810127,9,8,8.0,16.0,0.0,0,44800.0
29,static,64.0,16384.0,43008.0,512.0,272.2025316455696,10,8,8.0,16.0,0.0,0,45056.0
30,static,64.0,16384.0,46080.0,512.0,260.33898305084745,3,14,8.0,22.0,0.0,0,48128.0
31,static,64.0,16384.0,48640.0,512.0,260.10695187165777,3,14,8.0,22.0,0.0,0,50688.0
32,static,64.0,16384.0,48896.0,512.0,260.0851063829787,3,14,8.0,22.0,0.0,0,50944.0
33,static,64.0,16384.0,49408.0,512.0,260.0421052631579,3,14,8.0,22.0,0.0,0,51456.0
34,static,64.0,16384.0,49664.0,512.0,260.020942408377,3,14,8.0,22.0,0.0,0,51712.0
35,static,64.0,16384.0,49920.0,512.0,260.0,3,14,8.0,22.0,0.0,0,51968.0
36,static,64.0,16384.0,50176.0,512.0,259.979274611399,3,14,8.0,22.0,0.0,0,52224.0
37,static,64.0,16384.0,50944.0,512.0,259.9183673469388,3,14,8.0,22.0,0.0,0,52992.0
38,static,64.0,16384.0,51200.0,512.0,259.8984771573604,3,14,8.0,22.0,0.0,0,53248.0
39,static,64.0,16384.0,52992.0,512.0,258.49756097560976,2,14,8.0,22.0,0.0,0,55040.0
40,static,64.0,16384.0,53248.0,512.0,258.4854368932039,2,14,8.0,22.0,0.0,0,55296.0
41,static,64.0,16384.0,55296.0,512.0,257.19069767441863,1,14,8.0,22.0,0.0,0,57344.0
42,static,64.0,16384.0,55552.0,512.0,257.18518518518516,1,14,8.0,22.0,0.0,0,57600.0
43,static,64.0,16384.0,55552.0,512.0,257.18518518518516,1,14,8.0,22.0,0.0,0,57600.0
44,static,64.0,16384.0,55552.0,512.0,257.18518518518516,1,14,8.0,22.0,0.0,0,57600.0
45,static,64.0,16384.0,58624.0,512.0,262.88789237668163,6,14,8.0,22.0,0.0,0,60672.0
46,static,64.0,16384.0,60416.0,512.0,269.7142857142857,12,14,8.0,22.0,0.0,0,62464.0
47,static,64.0,16384.0,60160.0,512.0,268.57142857142856,11,14,8.0,22.0,0.0,0,62208.0
48,static,64.0,16384.0,61952.0,512.0,277.8116591928251,19,14,8.0,22.0,0.0,0,64000.0
49,static,64.0,16384.0,62208.0,512.0,277.7142857142857,19,14,8.0,22.0,0.0,0,64256.0
50,static,64.0,16384.0,63488.0,512.0,283.42857142857144,24,14,8.0,22.0,0.0,0,65536.0
51,static,64.0,16384.0,64512.0,512.0,288.0,28,14,8.0,22.0,0.0,0,66560.0
52,static,64.0,16384.0,64768.0,512.0,289.14285714285717,29,14,8.0,22.0,0.0,0,66816.0
53,static,64.0,16384.0,65536.0,512.0,292.57142857142856,32,14,8.0,22.0,0.0,0,67584.0
54,static,64.0,16384.0,67584.0,512.0,303.06726457399105,41,14,8.0,22.0,0.0,0,69632.0
55,static,64.0,16384.0,69376.0,512.0,309.7142857142857,47,14,8.0,22.0,0.0,0,71424.0
56,static,64.0,16384.0,69632.0,512.0,310.85714285714283,48,13,8.0,21.0,0.0,0,71680.0
57,static,64.0,16384.0,70144.0,512.0,313.14285714285717,50,13,8.0,21.0,0.0,0,72192.0
58,static,64.0,16384.0,70912.0,768.0,317.99103139013454,2,13,12.0,25.0,0.0,0,73984.0
59,static,64.0,16384.0,71680.0,768.0,322.8828828828829,2,13,12.0,25.0,0.0,0,74752.0
60,static,64.0,16384.0,75264.0,768.0,340.56108597285066,2,13,12.0,25.0,0.0,0,78336.0
61,static,64.0,16384.0,76032.0,768.0,344.03619909502265,3,13,12.0,25.0,0.0,0,79104.0
62,static,64.0,16384.0,76288.0,768.0,345.19457013574663,3,13,12.0,25.0,0.0,0,79360.0
63,static,64.0,16384.0,77056.0,768.0,350.25454545454545,5,13,12.0,25.0,0.0,0,80128.0
64,static,64.0,16384.0,77824.0,1024.0,353.74545454545455,1,13,16.0,29.0,0.0,0,81920.0
65,static,64.0,16384.0,77568.0,1024.0,350.9864253393665,1,13,16.0,29.0,0.0,0,81664.0
66,static,64.0,16384.0,78592.0,768.0,355.61990950226243,5,13,12.0,25.0,0.0,0,81664.0
67,static,64.0,16384.0,79104.0,768.0,357.9366515837104,5,13,12.0,25.0,0.0,0,82176.0
68,static,64.0,16384.0,79872.0,1024.0,361.4117647058824,1,13,16.0,29.0,0.0,0,83968.0
69,static,64.0,16384.0,81152.0,1024.0,368.8727272727273,1,13,16.0,29.0,0.0,0,85248.0
70,static,64.0,16384.0,81408.0,768.0,368.36199095022624,3,13,12.0,25.0,0.0,0,84480.0
71,static,64.0,16384.0,81408.0,768.0,368.36199095022624,3,13,12.0,25.0,0.0,0,84480.0
72,static,64.0,16384.0,83712.0,768.0,377.0810810810811,3,13,12.0,25.0,0.0,0,86784.0
73,static,64.0,16384.0,84480.0,768.0,382.26244343891403,8,13,12.0,25.0,0.0,0,87552.0
74,static,64.0,16384.0,84736.0,768.0,383.420814479638,8,13,12.0,25.0,0.0,0,87808.0
75,static,64.0,16384.0,84736.0,768.0,383.420814479638,8,13,12.0,25.0,0.0,0,87808.0
76,static,64.0,16384.0,84992.0,768.0,384.579185520362,8,13,12.0,25.0,0.0,0,88064.0
77,static,64.0,16384.0,85504.0,768.0,386.89592760180994,8,13,12.0,25.0,0.0,0,88576.0
78,static,64.0,16384.0,87296.0,768.0,395.00452488687785,8,13,12.0,25.0,0.0,0,90368.0
79,static,64.0,16384.0,88320.0,768.0,399.63800904977376,11,13,12.0,25.0,0.0,0,91392.0
80,static,64.0,16384.0,89344.0,1024.0,402.45045045045043,4,13,16.0,29.0,0.0,0,93440.0
81,static,64.0,16384.0,89600.0,1024.0,405.42986425339365,4,13,16.0,29.0,0.0,0,93696.0
82,static,64.0,16384.0,89856.0,1024.0,406.5882352941176,4,13,16.0,29.0,0.0,0,93952.0
83,static,64.0,16384.0,92416.0,768.0,414.42152466367713,19,13,12.0,25.0,0.0,0,95488.0
84,static,64.0,16384.0,92672.0,768.0,415.5695067264574,19,13,12.0,25.0,0.0,0,95744.0
85,static,64.0,16384.0,93184.0,768.0,417.86547085201795,20,13,12.0,25.0,0.0,0,96256.0
86,static,64.0,16384.0,93184.0,768.0,417.86547085201795,20,13,12.0,25.0,0.0,0,96256.0
87,static,64.0,16384.0,94464.0,768.0,425.5135135135135,25,13,12.0,25.0,0.0,0,97536.0
88,static,64.0,16384.0,94464.0,1024.0,423.60538116591925,3,13,16.0,29.0,0.0,0,98560.0
89,static,64.0,16384.0,95232.0,1024.0,427.0493273542601,3,13,16.0,29.0,0.0,0,99328.0
90,static,64.0,16384.0,96256.0,1024.0,431.64125560538116,3,13,16.0,29.0,0.0,0,100352.0
91,static,64.0,16384.0,97024.0,1024.0,437.0450450450451,5,13,16.0,29.0,0.0,0,101120.0
92,static,64.0,16384.0,97792.0,1024.0,442.4977375565611,9,13,16.0,29.0,0.0,0,101888.0
93,static,64.0,16384.0,98048.0,1024.0,443.6561085972851,8,13,16.0,29.0,0.0,0,102144.0
94,static,64.0,16384.0,98816.0,1024.0,447.131221719457,6,13,16.0,29.0,0.0,0,102912.0
95,static,64.0,16384.0,98304.0,1024.0,446.8363636363636,7,13,16.0,29.0,0.0,0,102400.0
96,static,64.0,16384.0,98560.0,1024.0,448.0,7,13,16.0,29.0,0.0,0,102656.0
97,static,64.0,16384.0,101888.0,1024.0,461.0316742081448,7,13,16.0,29.0,0.0,0,105984.0
98,static,64.0,16384.0,102144.0,1024.0,462.1900452488688,7,13,16.0,29.0,0.0,0,106240.0
99,static,64.0,16384.0,103168.0,1024.0,466.8235294117647,7,13,16.0,29.0,0.0,0,107264.0
4,reactive,64.0,16384.0,0.0,0.0,0.0,0,0,0.0,0.0,0.0,0,0.0
5,reactive,64.0,16384.0,0.0,0.0,0.0,0,0,0.0,0.0,0.0,0,0.0
6,reactive,64.0,16384.0,0.0,0.0,0.0,0,0,0.0,0.0,0.0,0,0.0
7,reactive,64.0,16384.0,0.0,0.0,0.0,0,0,0.0,0.0,0.0,0,0.0
8,reactive,64.0,16384.0,0.0,0.0,0.0,0,0,0.0,0.0,0.0,0,0.0
9,reactive,64.0,16384.0,0.0,0.0,0.0,0,0,0.0,0.0,0.0,0,0.0
10,reactive,64.0,16384.0,0.0,0.0,0.0,0,0,0.0,0.0,0.0,0,0.0
11,reactive,64.0,16384.0,0.0,0.0,0.0,0,0,0.0,0.0,0.0,0,0.0
12,reactive,64.0,16384.0,0.0,0.0,0.0,0,0,0.0,0.0,0.0,0,0.0
13,reactive,64.0,16384.0,0.0,0.0,0.0,0,0,0.0,0.0,0.0,0,0.0
14,reactive,64.0,16384.0,4096.0,256.0,256.0,16,7,4.0,11.0,0.0,0,5120.0
15,reactive,64.0,16384.0,7168.0,256.0,256.0,28,7,4.0,11.0,0.0,0,8192.0
16,reactive,64.0,16384.0,10240.0,256.0,256.0,40,7,4.0,11.0,0.0,0,11264.0
17,reactive,64.0,16384.0,14592.0,256.0,256.0,57,7,4.0,11.0,0.0,0,15616.0
18,reactive,64.0,16384.0,16384.0,512.0,260.06349206349205,1,7,8.0,15.0,0.0,0,18432.0
19,reactive,64.0,16384.0,21760.0,512.0,262.1686746987952,2,7,8.0,15.0,0.0,0,23808.0
20,reactive,64.0,16384.0,25600.0,512.0,261.2244897959184,2,7,8.0,15.0,0.0,0,27648.0
21,reactive,64.0,16384.0,28416.0,512.0,263.1111111111111,3,7,8.0,15.0,0.0,0,30464.0
22,reactive,64.0,16384.0,29952.0,512.0,279.9252336448598,10,8,8.0,16.0,0.0,0,32000.0
23,reactive,64.0,16384.0,33280.0,512.0,275.0413223140496,9,8,8.0,16.0,1024.0,3,35840.0
24,reactive,64.0,16384.0,36096.0,512.0,284.2204724409449,14,8,8.0,16.0,4096.0,5,40192.0
25,reactive,64.0,16384.0,38144.0,512.0,291.17557251908397,18,8,8.0,16.0,1024.0,3,40704.0
26,reactive,64.0,16384.0,39424.0,512.0,279.60283687943263,13,8,8.0,16.0,3584.0,6,43264.0
27,reactive,64.0,16384.0,39936.0,512.0,279.27272727272725,13,8,8.0,16.0,512.0,2,42240.0
28,reactive,64.0,16384.0,40704.0,512.0,288.6808510638298,18,8,8.0,16.0,512.0,2,43008.0
29,reactive,64.0,16384.0,40448.0,512.0,290.9928057553957,19,8,8.0,16.0,512.0,2,42752.0
30,reactive,64.0,16384.0,41216.0,512.0,274.7733333333333,11,13,8.0,21.0,1536.0,2,44032.0
31,reactive,64.0,16384.0,45056.0,512.0,276.4171779141104,13,13,8.0,21.0,512.0,2,47360.0
32,reactive,64.0,16384.0,45312.0,768.0,279.7037037037037,3,13,12.0,25.0,0.0,0,48384.0
33,reactive,64.0,16384.0,45824.0,768.0,279.4146341463415,3,13,12.0,25.0,0.0,0,48896.0
34,reactive,64.0,16384.0,46080.0,768.0,280.9756097560976,3,13,12.0,25.0,0.0,0,49152.0
35,reactive,64.0,16384.0,44288.0,768.0,278.54088050314465,1,12,12.0,24.0,3584.0,11,49152.0
36,reactive,64.0,16384.0,43520.0,512.0,284.44444444444446,17,12,8.0,20.0,1024.0,4,46080.0
37,reactive,64.0,16384.0,44288.0,512.0,285.72903225806454,18,12,8.0,20.0,0.0,0,46336.0
38,reactive,64.0,16384.0,44544.0,512.0,285.53846153846155,18,12,8.0,20.0,0.0,0,46592.0
39,reactive,64.0,16384.0,46336.0,512.0,282.5365853658537,17,12,8.0,20.0,0.0,0,48384.0
40,reactive,64.0,16384.0,46592.0,512.0,284.0975609756098,18,12,8.0,20.0,0.0,0,48640.0
41,reactive,64.0,16384.0,48640.0,512.0,281.15606936416185,17,12,8.0,20.0,0.0,0,50688.0
42,reactive,64.0,16384.0,48384.0,512.0,281.30232558139534,17,12,8.0,20.0,512.0,2,50688.0
43,reactive,64.0,16384.0,48384.0,512.0,281.30232558139534,17,12,8.0,20.0,0.0,0,50432.0
44,reactive,64.0,16384.0,47872.0,512.0,281.6,17,12,8.0,20.0,512.0,2,50176.0
45,reactive,64.0,16384.0,51456.0,512.0,287.463687150838,22,12,8.0,20.0,0.0,0,53504.0
46,reactive,64.0,16384.0,51712.0,512.0,297.1954022988506,28,12,8.0,20.0,1024.0,4,54272.0
47,reactive,64.0,16384.0,51200.0,512.0,297.6744186046512,28,12,8.0,20.0,512.0,2,53504.0
48,reactive,64.0,16384.0,51968.0,768.0,307.50295857988164,4,12,12.0,24.0,0.0,0,55040.0
49,reactive,64.0,16384.0,52480.0,768.0,299.8857142857143,4,12,12.0,24.0,0.0,0,55552.0
50,reactive,64.0,16384.0,55040.0,768.0,333.57575757575756,5,9,12.0,21.0,3072.0,2,59648.0
51,reactive,64.0,16384.0,52480.0,512.0,310.5325443786982,36,9,8.0,17.0,6144.0,8,57600.0
52,reactive,64.0,16384.0,52736.0,512.0,312.0473372781065,37,9,8.0,17.0,0.0,0,54784.0
53,reactive,64.0,16384.0,53248.0,768.0,313.22352941176473,1,9,12.0,21.0,512.0,2,56576.0
54,reactive,64.0,16384.0,57600.0,768.0,316.4835164835165,1,14,12.0,26.0,0.0,0,60672.0
55,reactive,64.0,16384.0,55552.0,768.0,326.77647058823527,3,14,12.0,26.0,4096.0,8,60672.0
56,reactive,64.0,16384.0,51968.0,512.0,309.3333333333333,35,13,8.0,21.0,4608.0,12,56320.0
57,reactive,64.0,16384.0,52480.0,512.0,308.70588235294116,35,13,8.0,21.0,0.0,0,54528.0
58,reactive,64.0,16384.0,51712.0,512.0,309.65269461077844,35,13,8.0,21.0,1536.0,3,54528.0
59,reactive,64.0,16384.0,50432.0,512.0,319.1898734177215,39,9,8.0,17.0,2560.0,3,53760.0
60,reactive,64.0,16384.0,51456.0,768.0,327.7452229299363,5,10,12.0,22.0,3584.0,4,56320.0
61,reactive,64.0,16384.0,51456.0,768.0,338.5263157894737,10,10,12.0,22.0,4096.0,6,56576.0
62,reactive,64.0,16384.0,50688.0,768.0,329.14285714285717,6,9,12.0,21.0,2048.0,5,54784.0
63,reactive,64.0,16384.0,49920.0,768.0,328.42105263157896,5,9,12.0,21.0,1536.0,3,53760.0
64,reactive,64.0,16384.0,51456.0,768.0,319.6024844720497,4,9,12.0,21.0,512.0,2,54784.0
65,reactive,64.0,16384.0,52224.0,768.0,326.4,6,9,12.0,21.0,6144.0,8,58368.0
66,reactive,64.0,16384.0,52992.0,768.0,319.2289156626506,4,10,12.0,22.0,4096.0,6,58112.0
67,reactive,64.0,16384.0,53760.0,768.0,320.0,4,10,12.0,22.0,0.0,0,56832.0
68,reactive,64.0,16384.0,49664.0,768.0,318.35897435897436,2,9,12.0,21.0,6144.0,11,55808.0
69,reactive,64.0,16384.0,52992.0,1024.0,325.1042944785276,1,9,16.0,25.0,2048.0,3,58112.0
70,reactive,64.0,16384.0,53760.0,1024.0,329.81595092024537,1,10,16.0,26.0,0.0,0,57856.0
71,reactive,64.0,16384.0,52736.0,1024.0,333.7721518987342,1,10,16.0,26.0,1536.0,6,57600.0
72,reactive,64.0,16384.0,53248.0,1024.0,332.8,1,10,16.0,26.0,4096.0,7,59392.0
73,reactive,64.0,16384.0,55040.0,1024.0,339.75308641975306,1,10,16.0,26.0,2560.0,6,60416.0
74,reactive,64.0,16384.0,54528.0,1024.0,328.48192771084337,1,10,16.0,26.0,3584.0,9,60416.0
75,reactive,64.0,16384.0,52480.0,1024.0,334.26751592356686,1,10,16.0,26.0,2560.0,6,57856.0
76,reactive,64.0,16384.0,53760.0,1024.0,336.0,1,10,16.0,26.0,0.0,0,57856.0
77,reactive,64.0,16384.0,50688.0,768.0,347.17808219178085,6,10,12.0,22.0,5632.0,11,56576.0
78,reactive,64.0,16384.0,48640.0,768.0,322.11920529801324,2,10,12.0,22.0,5632.0,12,54528.0
79,reactive,64.0,16384.0,47104.0,768.0,327.1111111111111,1,10,12.0,22.0,512.0,2,50432.0
80,reactive,64.0,16384.0,48128.0,768.0,327.4013605442177,1,10,12.0,22.0,0.0,0,51200.0
81,reactive,64.0,16384.0,50176.0,512.0,317.56962025316454,38,11,8.0,19.0,512.0,2,52480.0
82,reactive,64.0,16384.0,50176.0,512.0,319.5923566878981,39,11,8.0,19.0,0.0,0,52224.0
83,reactive,64.0,16384.0,54016.0,768.0,339.72327044025155,3,11,12.0,23.0,0.0,0,57088.0
84,reactive,64.0,16384.0,53760.0,768.0,336.0,3,11,12.0,23.0,0.0,0,56832.0
85,reactive,64.0,16384.0,54016.0,768.0,337.6,4,11,12.0,23.0,0.0,0,57088.0
86,reactive,64.0,16384.0,48896.0,768.0,321.6842105263158,3,11,12.0,23.0,4608.0,6,54272.0
87,reactive,64.0,16384.0,48640.0,768.0,333.1506849315069,5,11,12.0,23.0,0.0,0,51712.0
88,reactive,64.0,16384.0,48384.0,768.0,333.68275862068964,1,11,12.0,23.0,7168.0,11,55040.0
89,reactive,64.0,16384.0,46848.0,768.0,341.95620437956205,2,11,12.0,23.0,4608.0,5,52224.0
90,reactive,64.0,16384.0,49920.0,768.0,364.3795620437956,4,11,12.0,23.0,512.0,2,53248.0
91,reactive,64.0,16384.0,52736.0,1024.0,374.01418439716315,2,11,16.0,27.0,0.0,0,56832.0
92,reactive,64.0,16384.0,56832.0,1280.0,400.22535211267603,3,11,20.0,31.0,0.0,0,61952.0
93,reactive,64.0,16384.0,58880.0,1280.0,414.6478873239437,4,11,20.0,31.0,3072.0,6,65536.0
94,reactive,64.0,16384.0,59136.0,1280.0,396.8859060402685,4,11,20.0,31.0,3072.0,8,65792.0
95,reactive,64.0,16384.0,56064.0,1280.0,378.81081081081084,4,11,20.0,31.0,3584.0,7,62976.0
96,reactive,64.0,16384.0,54272.0,1024.0,359.4172185430464,1,11,16.0,27.0,2560.0,5,59648.0
97,reactive,64.0,16384.0,55040.0,768.0,359.73856209150324,5,11,12.0,23.0,3584.0,5,59904.0
98,reactive,64.0,16384.0,51968.0,1024.0,348.77852348993287,1,11,16.0,27.0,5120.0,8,58624.0
99,reactive,64.0,16384.0,55296.0,1024.0,363.7894736842105,1,11,16.0,27.0,512.0,2,59648.0
4,history,64.0,16384.0,0.0,0.0,0.0,0,0,0.0,0.0,0.0,0,0.0
5,history,64.0,16384.0,0.0,0.0,0.0,0,0,0.0,0.0,0.0,0,0.0
6,history,64.0,16384.0,0.0,0.0,0.0,0,0,0.0,0.0,0.0,0,0.0
7,history,64.0,16384.0,0.0,0.0,0.0,0,0,0.0,0.0,0.0,0,0.0
8,history,64.0,16384.0,0.0,0.0,0.0,0,0,0.0,0.0,0.0,0,0.0
9,history,64.0,16384.0,0.0,0.0,0.0,0,0,0.0,0.0,0.0,0,0.0
10,history,64.0,16384.0,0.0,0.0,0.0,0,0,0.0,0.0,0.0,0,0.0
11,history,64.0,16384.0,0.0,0.0,0.0,0,0,0.0,0.0,0.0,0,0.0
12,history,64.0,16384.0,0.0,0.0,0.0,0,0,0.0,0.0,0.0,0,0.0
13,history,64.0,16384.0,0.0,0.0,0.0,0,0,0.0,0.0,0.0,0,0.0
14,history,64.0,16384.0,4096.0,256.0,256.0,16,7,4.0,11.0,0.0,0,5120.0
15,history,64.0,16384.0,7168.0,256.0,256.0,28,7,4.0,11.0,0.0,0,8192.0
16,history,64.0,16384.0,10240.0,256.0,256.0,40,7,4.0,11.0,0.0,0,11264.0
17,history,64.0,16384.0,14592.0,256.0,256.0,57,7,4.0,11.0,0.0,0,15616.0
18,history,64.0,16384.0,16384.0,512.0,260.06349206349205,1,7,8.0,15.0,0.0,0,18432.0
19,history,64.0,16384.0,22528.0,512.0,288.8205128205128,10,7,8.0,15.0,8704.0,8,28928.0
20,history,64.0,16384.0,29184.0,512.0,288.9504950495049,13,8,8.0,16.0,10240.0,14,36352.0
21,history,64.0,16384.0,33536.0,768.0,291.61739130434785,1,9,12.0,21.0,5632.0,7,39424.0
22,history,64.0,16384.0,29696.0,512.0,288.31067961165047,13,7,8.0,15.0,15360.0,22,39424.0
23,history,64.0,16384.0,32256.0,512.0,288.0,14,8,8.0,16.0,8192.0,15,38400.0
24,history,64.0,16384.0,38656.0,768.0,295.08396946564886,3,10,12.0,22.0,13824.0,21,48640.0
25,history,64.0,16384.0,39680.0,512.0,285.46762589928056,16,8,8.0,16.0,12800.0,20,48128.0
26,history,64.0,16384.0,41984.0,768.0,281.7718120805369,1,8,12.0,20.0,13312.0,22,51712.0
27,history,64.0,16384.0,42496.0,768.0,319.5187969924812,1,11,12.0,23.0,18432.0,16,54784.0
28,history,64.0,16384.0,47872.0,768.0,312.8888888888889,4,14,12.0,26.0,19968.0,29,60928.0
29,history,64.0,16384.0,43008.0,768.0,307.2,2,9,12.0,21.0,15872.0,16,54016.0
30,history,64.0,16384.0,46080.0,768.0,326.8085106382979,6,9,12.0,21.0,22016.0,32,60160.0
31,history,64.0,16384.0,46848.0,1024.0,332.25531914893617,3,9,16.0,25.0,11776.0,13,56832.0
32,history,64.0,16384.0,46336.0,768.0,315.2108843537415,4,9,12.0,21.0,6144.0,10,52480.0
33,history,64.0,16384.0,42752.0,768.0,323.8787878787879,1,10,12.0,22.0,9728.0,15,50688.0
34,history,64.0,16384.0,40704.0,512.0,306.0451127819549,26,10,8.0,18.0,3072.0,7,44288.0
35,history,64.0,16384.0,42240.0,768.0,330.0,1,10,12.0,22.0,10240.0,20,50432.0
36,history,64.0,16384.0,37632.0,768.0,313.6,2,11,12.0,23.0,14336.0,22,47872.0
37,history,64.0,16384.0,38656.0,768.0,309.248,2,11,12.0,23.0,2048.0,6,42752.0
38,history,64.0,16384.0,36864.0,512.0,312.40677966101697,26,7,8.0,15.0,10240.0,16,44032.0
39,history,64.0,16384.0,38144.0,768.0,307.61290322580646,1,7,12.0,19.0,3072.0,3,42752.0
40,history,64.0,16384.0,38400.0,768.0,312.1951219512195,3,7,12.0,19.0,2560.0,6,42752.0
41,history,64.0,16384.0,38400.0,768.0,304.76190476190476,2,7,12.0,19.0,3584.0,4,43264.0
42,history,64.0,16384.0,36352.0,768.0,293.16129032258067,1,8,12.0,20.0,6144.0,12,42496.0
43,history,64.0,16384.0,36096.0,768.0,303.327731092437,1,9,12.0,21.0,4608.0,7,41472.0
44,history,64.0,16384.0,35072.0,512.0,304.97391304347826,22,9,8.0,17.0,4096.0,8,39168.0
45,history,64.0,16384.0,33280.0,512.0,311.02803738317755,23,8,8.0,16.0,2048.0,5,36352.0
46,history,64.0,16384.0,36096.0,512.0,295.8688524590164,19,10,8.0,18.0,6656.0,12,41472.0
47,history,64.0,16384.0,37120.0,512.0,296.96,20,10,8.0,18.0,512.0,2,39424.0
48,history,64.0,16384.0,38400.0,512.0,307.2,25,11,8.0,19.0,0.0,0,40448.0
49,history,64.0,16384.0,41984.0,768.0,322.95384615384614,2,11,12.0,23.0,0.0,0,45056.0
50,history,64.0,16384.0,44032.0,768.0,376.34188034188037,14,11,12.0,23.0,7680.0,11,50944.0
51,history,64.0,16384.0,41472.0,768.0,345.6,8,9,12.0,21.0,14336.0,24,51712.0
52,history,64.0,16384.0,41728.0,768.0,350.65546218487395,8,9,12.0,21.0,1536.0,6,45568.0
53,history,64.0,16384.0,40448.0,768.0,321.015873015873,4,10,12.0,22.0,11776.0,21,49408.0
54,history,64.0,16384.0,40448.0,768.0,316.0,3,10,12.0,22.0,9728.0,15,48384.0
55,history,64.0,16384.0,43008.0,768.0,325.8181818181818,2,10,12.0,22.0,5120.0,9,48640.0
56,history,64.0,16384.0,44032.0,768.0,323.7647058823529,3,9,12.0,21.0,10240.0,17,52224.0
57,history,64.0,16384.0,44032.0,768.0,326.162962962963,2,9,12.0,21.0,2048.0,6,48128.0
58,history,64.0,16384.0,43776.0,768.0,321.88235294117646,3,9,12.0,21.0,14336.0,19,54016.0
59,history,64.0,16384.0,44800.0,768.0,327.007299270073,1,8,12.0,20.0,9728.0,14,52736.0
60,history,64.0,16384.0,49408.0,768.0,347.943661971831,7,11,12.0,23.0,9216.0,15,57088.0
61,history,64.0,16384.0,53760.0,768.0,368.2191780821918,9,11,12.0,23.0,11776.0,14,62720.0
62,history,64.0,16384.0,48896.0,768.0,346.78014184397165,5,11,12.0,23.0,3072.0,6,53504.0
63,history,64.0,16384.0,51712.0,1024.0,361.6223776223776,1,11,16.0,27.0,13312.0,20,62464.0
64,history,64.0,16384.0,46848.0,768.0,329.9154929577465,3,10,12.0,22.0,14848.0,18,57344.0
65,history,64.0,16384.0,46592.0,1024.0,358.4,3,9,16.0,25.0,17920.0,22,59648.0
66,history,64.0,16384.0,47360.0,1024.0,361.5267175572519,3,9,16.0,25.0,8704.0,12,55808.0
67,history,64.0,16384.0,49664.0,1024.0,359.8840579710145,2,11,16.0,27.0,4608.0,6,56064.0
68,history,64.0,16384.0,48896.0,768.0,344.3380281690141,5,11,12.0,23.0,19968.0,28,61952.0
69,history,64.0,16384.0,50176.0,768.0,336.751677852349,4,11,12.0,23.0,11264.0,15,58880.0
70,history,64.0,16384.0,52992.0,768.0,346.3529411764706,4,11,12.0,23.0,2560.0,6,57344.0
71,history,64.0,16384.0,48640.0,768.0,337.77777777777777,6,9,12.0,21.0,14336.0,21,58880.0
72,history,64.0,16384.0,47872.0,1024.0,344.40287769784175,1,9,16.0,25.0,11264.0,19,57600.0
73,history,64.0,16384.0,47104.0,768.0,334.07092198581563,6,12,12.0,24.0,17408.0,21,58880.0
74,history,64.0,16384.0,47104.0,1024.0,324.8551724137931,2,13,16.0,29.0,11264.0,13,56832.0
75,history,64.0,16384.0,48384.0,1024.0,345.6,1,12,16.0,28.0,8704.0,10,56832.0
76,history,64.0,16384.0,47872.0,768.0,330.151724137931,4,12,12.0,24.0,1536.0,2,51712.0
77,history,64.0,16384.0,42752.0,768.0,309.7971014492754,1,10,12.0,22.0,17920.0,22,54784.0
78,history,64.0,16384.0,37632.0,512.0,285.09090909090907,15,9,8.0,17.0,12800.0,21,46080.0
79,history,64.0,16384.0,38400.0,512.0,286.56716417910445,16,9,8.0,17.0,1536.0,3,41216.0
80,history,64.0,16384.0,40192.0,512.0,297.7185185185185,22,11,8.0,19.0,512.0,2,42496.0
81,history,64.0,16384.0,42240.0,512.0,303.8848920863309,26,11,8.0,19.0,2048.0,7,45312.0
82,history,64.0,16384.0,42496.0,768.0,307.94202898550725,1,11,12.0,23.0,7168.0,14,49152.0
83,history,64.0,16384.0,46080.0,768.0,346.4661654135338,4,9,12.0,21.0,7168.0,11,52736.0
84,history,64.0,16384.0,44032.0,768.0,338.7076923076923,4,10,12.0,22.0,4608.0,12,49408.0
85,history,64.0,16384.0,43776.0,768.0,326.6865671641791,3,9,12.0,21.0,10240.0,18,51968.0
86,history,64.0,16384.0,43520.0,768.0,329.6969696969697,4,9,12.0,21.0,7680.0,11,50432.0
87,history,64.0,16384.0,45056.0,768.0,319.54609929078015,3,9,12.0,21.0,6656.0,9,51456.0
88,history,64.0,16384.0,40960.0,768.0,310.3030303030303,1,10,12.0,22.0,19456.0,28,53760.0
89,history,64.0,16384.0,42496.0,768.0,312.47058823529414,1,10,12.0,22.0,0.0,0,45568.0
90,history,64.0,16384.0,40704.0,768.0,301.5111111111111,2,10,12.0,22.0,8704.0,15,48128.0
91,history,64.0,16384.0,42240.0,768.0,306.0869565217391,3,10,12.0,22.0,0.0,0,45312.0
92,history,64.0,16384.0,44544.0,768.0,313.6901408450704,2,11,12.0,23.0,7680.0,13,51456.0
93,history,64.0,16384.0,45312.0,768.0,333.1764705882353,2,10,12.0,22.0,12288.0,23,54528.0
94,history,64.0,16384.0,45824.0,768.0,322.7042253521127,2,10,12.0,22.0,7680.0,13,52736.0
95,history,64.0,16384.0,39424.0,768.0,331.29411764705884,4,9,12.0,21.0,15872.0,28,50432.0
96,history,64.0,16384.0,39936.0,768.0,330.0495867768595,3,9,12.0,21.0,6656.0,12,46336.0
97,history,64.0,16384.0,44800.0,768.0,339.3939393939394,5,9,12.0,21.0,14336.0,19,55040.0
98,history,64.0,16384.0,44032.0,768.0,328.5970149253731,6,9,12.0,21.0,9728.0,18,51968.0
99,history,64.0,16384.0,48128.0,1024.0,329.64383561643837,1,10,16.0,26.0,11264.0,18,57856.0
4,burgers2d_physics_exact,64.0,16384.0,0.0,0.0,0.0,0,0,0.0,0.0,0.0,0,0.0
5,burgers2d_physics_exact,64.0,16384.0,0.0,0.0,0.0,0,0,0.0,0.0,0.0,0,0.0
6,burgers2d_physics_exact,64.0,16384.0,0.0,0.0,0.0,0,0,0.0,0.0,0.0,0,0.0
7,burgers2d_physics_exact,64.0,16384.0,0.0,0.0,0.0,0,0,0.0,0.0,0.0,0,0.0
8,burgers2d_physics_exact,64.0,16384.0,0.0,0.0,0.0,0,0,0.0,0.0,0.0,0,0.0
9,burgers2d_physics_exact,64.0,16384.0,0.0,0.0,0.0,0,0,0.0,0.0,0.0,0,0.0
10,burgers2d_physics_exact,64.0,16384.0,0.0,0.0,0.0,0,0,0.0,0.0,0.0,0,0.0
11,burgers2d_physics_exact,64.0,16384.0,0.0,0.0,0.0,0,0,0.0,0.0,0.0,0,0.0
12,burgers2d_physics_exact,64.0,16384.0,0.0,0.0,0.0,0,0,0.0,0.0,0.0,0,0.0
13,burgers2d_physics_exact,64.0,16384.0,0.0,0.0,0.0,0,0,0.0,0.0,0.0,0,0.0
14,burgers2d_physics_exact,64.0,16384.0,4096.0,256.0,256.0,16,7,4.0,11.0,0.0,0,5120.0
15,burgers2d_physics_exact,64.0,16384.0,7168.0,256.0,256.0,28,7,4.0,11.0,0.0,0,8192.0
16,burgers2d_physics_exact,64.0,16384.0,10240.0,256.0,256.0,40,7,4.0,11.0,0.0,0,11264.0
17,burgers2d_physics_exact,64.0,16384.0,14592.0,256.0,256.0,57,7,4.0,11.0,0.0,0,15616.0
18,burgers2d_physics_exact,64.0,16384.0,15872.0,256.0,256.0,62,7,4.0,11.0,1024.0,3,17408.0
19,burgers2d_physics_exact,64.0,16384.0,18176.0,512.0,259.65714285714284,1,7,8.0,15.0,4096.0,5,22272.0
20,burgers2d_physics_exact,64.0,16384.0,23040.0,512.0,261.8181818181818,2,7,8.0,15.0,1024.0,3,25600.0
21,burgers2d_physics_exact,64.0,16384.0,23808.0,512.0,264.53333333333336,3,7,8.0,15.0,3584.0,6,27648.0
22,burgers2d_physics_exact,64.0,16384.0,25856.0,512.0,261.17171717171715,2,7,8.0,15.0,512.0,2,28160.0
23,burgers2d_physics_exact,64.0,16384.0,31232.0,512.0,266.94017094017096,5,7,8.0,15.0,512.0,2,33536.0
24,burgers2d_physics_exact,64.0,16384.0,32768.0,512.0,280.0683760683761,11,8,8.0,16.0,512.0,2,35072.0
25,burgers2d_physics_exact,64.0,16384.0,33280.0,512.0,279.66386554621846,11,8,8.0,16.0,1536.0,2,36096.0
26,burgers2d_physics_exact,64.0,16384.0,35072.0,512.0,276.15748031496065,10,8,8.0,16.0,512.0,2,37376.0
27,burgers2d_physics_exact,64.0,16384.0,36864.0,512.0,279.27272727272725,12,8,8.0,16.0,0.0,0,38912.0
28,burgers2d_physics_exact,64.0,16384.0,37376.0,512.0,287.5076923076923,16,8,8.0,16.0,0.0,0,39424.0
29,burgers2d_physics_exact,64.0,16384.0,37632.0,512.0,289.4769230769231,17,8,8.0,16.0,0.0,0,39680.0
30,burgers2d_physics_exact,64.0,16384.0,38656.0,512.0,274.15602836879435,10,12,8.0,20.0,3584.0,11,42496.0
31,burgers2d_physics_exact,64.0,16384.0,41472.0,512.0,276.48,12,12,8.0,20.0,1024.0,4,44032.0
32,burgers2d_physics_exact,64.0,16384.0,41472.0,512.0,276.48,12,12,8.0,20.0,0.0,0,43520.0
33,burgers2d_physics_exact,64.0,16384.0,41984.0,512.0,279.8933333333333,14,12,8.0,20.0,0.0,0,44032.0
34,burgers2d_physics_exact,64.0,16384.0,42752.0,512.0,281.2631578947368,15,12,8.0,20.0,0.0,0,44800.0
35,burgers2d_physics_exact,64.0,16384.0,43008.0,512.0,281.0980392156863,15,12,8.0,20.0,0.0,0,45056.0
36,burgers2d_physics_exact,64.0,16384.0,43520.0,512.0,284.44444444444446,17,12,8.0,20.0,0.0,0,45568.0
37,burgers2d_physics_exact,64.0,16384.0,43776.0,512.0,286.11764705882354,18,12,8.0,20.0,512.0,2,46080.0
38,burgers2d_physics_exact,64.0,16384.0,44032.0,512.0,285.9220779220779,18,12,8.0,20.0,0.0,0,46080.0
39,burgers2d_physics_exact,64.0,16384.0,45312.0,512.0,283.2,17,12,8.0,20.0,512.0,2,47616.0
40,burgers2d_physics_exact,64.0,16384.0,45568.0,512.0,284.8,18,12,8.0,20.0,0.0,0,47616.0
41,burgers2d_physics_exact,64.0,16384.0,46592.0,512.0,282.3757575757576,17,12,8.0,20.0,1024.0,4,49152.0
42,burgers2d_physics_exact,64.0,16384.0,46336.0,512.0,291.42138364779873,22,12,8.0,20.0,512.0,2,48640.0
43,burgers2d_physics_exact,64.0,16384.0,46336.0,512.0,291.42138364779873,22,12,8.0,20.0,0.0,0,48384.0
44,burgers2d_physics_exact,64.0,16384.0,46336.0,512.0,291.42138364779873,22,12,8.0,20.0,0.0,0,48384.0
45,burgers2d_physics_exact,64.0,16384.0,48384.0,512.0,298.6666666666667,27,9,8.0,17.0,3072.0,2,51968.0
46,burgers2d_physics_exact,64.0,16384.0,44800.0,512.0,294.7368421052632,23,9,8.0,17.0,6144.0,8,49920.0
47,burgers2d_physics_exact,64.0,16384.0,46080.0,512.0,295.38461538461536,24,9,8.0,17.0,0.0,0,48128.0
48,burgers2d_physics_exact,64.0,16384.0,46848.0,512.0,300.3076923076923,27,9,8.0,17.0,512.0,2,49152.0
49,burgers2d_physics_exact,64.0,16384.0,48896.0,512.0,296.3393939393939,26,9,8.0,17.0,0.0,0,50944.0
50,burgers2d_physics_exact,64.0,16384.0,46848.0,512.0,314.4161073825503,34,9,8.0,17.0,4096.0,8,50944.0
51,burgers2d_physics_exact,64.0,16384.0,44544.0,512.0,315.9148936170213,33,9,8.0,17.0,4608.0,12,48896.0
52,burgers2d_physics_exact,64.0,16384.0,44032.0,512.0,312.2836879432624,31,9,8.0,17.0,0.0,0,46080.0
53,burgers2d_physics_exact,64.0,16384.0,44288.0,512.0,309.7062937062937,30,9,8.0,17.0,1536.0,3,47104.0
54,burgers2d_physics_exact,64.0,16384.0,45312.0,512.0,321.36170212765956,36,9,8.0,17.0,2560.0,3,48640.0
55,burgers2d_physics_exact,64.0,16384.0,44288.0,512.0,318.61870503597123,34,10,8.0,18.0,3584.0,4,48128.0
56,burgers2d_physics_exact,64.0,16384.0,41472.0,512.0,302.7153284671533,25,10,8.0,18.0,4096.0,6,45568.0
57,burgers2d_physics_exact,64.0,16384.0,41472.0,512.0,294.1276595744681,21,9,8.0,17.0,2048.0,5,44544.0
58,burgers2d_physics_exact,64.0,16384.0,41984.0,512.0,302.0431654676259,25,9,8.0,17.0,1536.0,3,44800.0
59,burgers2d_physics_exact,64.0,16384.0,43264.0,512.0,304.67605633802816,27,9,8.0,17.0,512.0,2,45568.0
60,burgers2d_physics_exact,64.0,16384.0,43776.0,768.0,312.6857142857143,3,9,12.0,21.0,6144.0,8,49920.0
61,burgers2d_physics_exact,64.0,16384.0,43008.0,768.0,311.6521739130435,4,9,12.0,21.0,4096.0,6,48128.0
62,burgers2d_physics_exact,64.0,16384.0,43776.0,768.0,310.468085106383,4,9,12.0,21.0,0.0,0,46848.0
63,burgers2d_physics_exact,64.0,16384.0,42496.0,512.0,303.54285714285714,26,9,8.0,17.0,6144.0,11,47616.0
64,burgers2d_physics_exact,64.0,16384.0,45568.0,512.0,299.7894736842105,26,9,8.0,17.0,2048.0,3,48640.0
65,burgers2d_physics_exact,64.0,16384.0,45824.0,512.0,301.4736842105263,27,9,8.0,17.0,0.0,0,47872.0
66,burgers2d_physics_exact,64.0,16384.0,45824.0,512.0,303.4701986754967,28,9,8.0,17.0,1536.0,6,48640.0
67,burgers2d_physics_exact,64.0,16384.0,43008.0,512.0,300.75524475524475,25,9,8.0,17.0,4096.0,7,47104.0
68,burgers2d_physics_exact,64.0,16384.0,41728.0,512.0,300.2014388489209,24,8,8.0,16.0,2560.0,6,45056.0
69,burgers2d_physics_exact,64.0,16384.0,44032.0,512.0,310.0845070422535,30,9,8.0,17.0,3584.0,9,47872.0
70,burgers2d_physics_exact,64.0,16384.0,43520.0,512.0,320.0,34,10,8.0,18.0,2560.0,6,46848.0
71,burgers2d_physics_exact,64.0,16384.0,43520.0,512.0,320.0,34,10,8.0,18.0,0.0,0,45568.0
72,burgers2d_physics_exact,64.0,16384.0,42496.0,768.0,337.26984126984127,6,10,12.0,22.0,5632.0,11,48384.0
73,burgers2d_physics_exact,64.0,16384.0,41728.0,512.0,302.3768115942029,25,10,8.0,18.0,5632.0,12,46592.0
74,burgers2d_physics_exact,64.0,16384.0,42496.0,512.0,303.54285714285714,26,10,8.0,18.0,512.0,2,44800.0
75,burgers2d_physics_exact,64.0,16384.0,42496.0,512.0,303.54285714285714,26,10,8.0,18.0,0.0,0,44544.0
76,burgers2d_physics_exact,64.0,16384.0,43264.0,512.0,306.83687943262413,28,11,8.0,19.0,512.0,2,45568.0
77,burgers2d_physics_exact,64.0,16384.0,44800.0,512.0,313.2867132867133,32,11,8.0,19.0,0.0,0,46848.0
78,burgers2d_physics_exact,64.0,16384.0,47104.0,512.0,320.4353741496599,37,11,8.0,19.0,0.0,0,49152.0
79,burgers2d_physics_exact,64.0,16384.0,46592.0,512.0,323.55555555555554,38,11,8.0,19.0,0.0,0,48640.0
80,burgers2d_physics_exact,64.0,16384.0,47616.0,512.0,323.9183673469388,39,11,8.0,19.0,0.0,0,49664.0
81,burgers2d_physics_exact,64.0,16384.0,46336.0,512.0,310.97986577181206,32,11,8.0,19.0,4608.0,6,50688.0
82,burgers2d_physics_exact,64.0,16384.0,46336.0,512.0,313.0810810810811,33,11,8.0,19.0,0.0,0,48384.0
83,burgers2d_physics_exact,64.0,16384.0,45312.0,512.0,323.65714285714284,37,11,8.0,19.0,7168.0,11,50944.0
84,burgers2d_physics_exact,64.0,16384.0,43520.0,512.0,317.66423357664235,33,11,8.0,19.0,4608.0,5,47872.0
85,burgers2d_physics_exact,64.0,16384.0,42752.0,512.0,321.4436090225564,34,11,8.0,19.0,512.0,2,45056.0
86,burgers2d_physics_exact,64.0,16384.0,42752.0,512.0,321.4436090225564,34,11,8.0,19.0,0.0,0,44800.0
87,burgers2d_physics_exact,64.0,16384.0,43008.0,512.0,325.8181818181818,36,11,8.0,19.0,0.0,0,45056.0
88,burgers2d_physics_exact,64.0,16384.0,42240.0,512.0,327.4418604651163,36,11,8.0,19.0,3072.0,6,45824.0
89,burgers2d_physics_exact,64.0,16384.0,40960.0,512.0,325.07936507936506,34,11,8.0,19.0,3072.0,8,44544.0
90,burgers2d_physics_exact,64.0,16384.0,40192.0,512.0,326.7642276422764,34,11,8.0,19.0,3584.0,7,44032.0
91,burgers2d_physics_exact,64.0,16384.0,41472.0,512.0,324.0,34,11,8.0,19.0,2560.0,5,44800.0
92,burgers2d_physics_exact,64.0,16384.0,45312.0,768.0,335.64444444444445,6,11,12.0,23.0,3584.0,5,50176.0
93,burgers2d_physics_exact,64.0,16384.0,43520.0,512.0,317.66423357664235,33,11,8.0,19.0,5120.0,8,48128.0
94,burgers2d_physics_exact,64.0,16384.0,46592.0,512.0,325.8181818181818,39,11,8.0,19.0,512.0,2,48896.0
95,burgers2d_physics_exact,64.0,16384.0,46848.0,512.0,332.25531914893617,42,11,8.0,19.0,2560.0,4,50176.0
96,burgers2d_physics_exact,64.0,16384.0,45568.0,512.0,320.90140845070425,36,11,8.0,19.0,1024.0,2,48128.0
97,burgers2d_physics_exact,64.0,16384.0,45312.0,512.0,312.49655172413793,32,11,8.0,19.0,4608.0,8,49664.0
98,burgers2d_physics_exact,64.0,16384.0,45568.0,512.0,312.1095890410959,32,11,8.0,19.0,1024.0,2,48128.0
99,burgers2d_physics_exact,64.0,16384.0,45056.0,512.0,312.8888888888889,32,13,8.0,21.0,3072.0,9,48640.0
4,burgers2d_physics_imperfect,64.0,16384.0,0.0,0.0,0.0,0,0,0.0,0.0,0.0,0,0.0
5,burgers2d_physics_imperfect,64.0,16384.0,0.0,0.0,0.0,0,0,0.0,0.0,0.0,0,0.0
6,burgers2d_physics_imperfect,64.0,16384.0,0.0,0.0,0.0,0,0,0.0,0.0,0.0,0,0.0
7,burgers2d_physics_imperfect,64.0,16384.0,0.0,0.0,0.0,0,0,0.0,0.0,0.0,0,0.0
8,burgers2d_physics_imperfect,64.0,16384.0,0.0,0.0,0.0,0,0,0.0,0.0,0.0,0,0.0
9,burgers2d_physics_imperfect,64.0,16384.0,0.0,0.0,0.0,0,0,0.0,0.0,0.0,0,0.0
10,burgers2d_physics_imperfect,64.0,16384.0,0.0,0.0,0.0,0,0,0.0,0.0,0.0,0,0.0
11,burgers2d_physics_imperfect,64.0,16384.0,0.0,0.0,0.0,0,0,0.0,0.0,0.0,0,0.0
12,burgers2d_physics_imperfect,64.0,16384.0,0.0,0.0,0.0,0,0,0.0,0.0,0.0,0,0.0
13,burgers2d_physics_imperfect,64.0,16384.0,0.0,0.0,0.0,0,0,0.0,0.0,0.0,0,0.0
14,burgers2d_physics_imperfect,64.0,16384.0,4096.0,256.0,256.0,16,7,4.0,11.0,0.0,0,5120.0
15,burgers2d_physics_imperfect,64.0,16384.0,7168.0,256.0,256.0,28,7,4.0,11.0,0.0,0,8192.0
16,burgers2d_physics_imperfect,64.0,16384.0,10240.0,256.0,256.0,40,7,4.0,11.0,0.0,0,11264.0
17,burgers2d_physics_imperfect,64.0,16384.0,14592.0,256.0,256.0,57,7,4.0,11.0,0.0,0,15616.0
18,burgers2d_physics_imperfect,64.0,16384.0,15872.0,256.0,256.0,62,7,4.0,11.0,1024.0,3,17408.0
19,burgers2d_physics_imperfect,64.0,16384.0,21248.0,512.0,259.1219512195122,1,7,8.0,15.0,512.0,2,23552.0
20,burgers2d_physics_imperfect,64.0,16384.0,24576.0,512.0,267.1304347826087,4,7,8.0,15.0,1024.0,3,27136.0
21,burgers2d_physics_imperfect,64.0,16384.0,25600.0,512.0,261.2244897959184,2,7,8.0,15.0,1536.0,4,28416.0
22,burgers2d_physics_imperfect,64.0,16384.0,26368.0,512.0,274.6666666666667,7,8,8.0,16.0,1024.0,3,28928.0
23,burgers2d_physics_imperfect,64.0,16384.0,30464.0,512.0,269.5929203539823,6,8,8.0,16.0,512.0,2,32768.0
24,burgers2d_physics_imperfect,64.0,16384.0,33280.0,512.0,270.5691056910569,7,8,8.0,16.0,0.0,0,35328.0
25,burgers2d_physics_imperfect,64.0,16384.0,35072.0,512.0,271.8759689922481,8,8,8.0,16.0,0.0,0,37120.0
26,burgers2d_physics_imperfect,64.0,16384.0,37888.0,512.0,272.57553956834533,9,10,8.0,18.0,0.0,0,39936.0
27,burgers2d_physics_imperfect,64.0,16384.0,38912.0,512.0,272.1118881118881,9,10,8.0,18.0,512.0,2,41216.0
28,burgers2d_physics_imperfect,64.0,16384.0,39168.0,512.0,272.0,9,10,8.0,18.0,0.0,0,41216.0
29,burgers2d_physics_imperfect,64.0,16384.0,39424.0,512.0,273.77777777777777,10,10,8.0,18.0,0.0,0,41472.0
30,burgers2d_physics_imperfect,64.0,16384.0,42240.0,512.0,264.0,5,14,8.0,22.0,512.0,2,44544.0
31,burgers2d_physics_imperfect,64.0,16384.0,44032.0,512.0,265.2530120481928,6,14,8.0,22.0,512.0,2,46336.0
32,burgers2d_physics_imperfect,64.0,16384.0,44288.0,512.0,265.1976047904192,6,14,8.0,22.0,0.0,0,46336.0
33,burgers2d_physics_imperfect,64.0,16384.0,44800.0,512.0,265.0887573964497,6,14,8.0,22.0,0.0,0,46848.0
34,burgers2d_physics_imperfect,64.0,16384.0,44800.0,512.0,263.52941176470586,5,14,8.0,22.0,512.0,2,47104.0
35,burgers2d_physics_imperfect,64.0,16384.0,44800.0,512.0,263.52941176470586,5,14,8.0,22.0,0.0,0,46848.0
36,burgers2d_physics_imperfect,64.0,16384.0,44800.0,512.0,263.52941176470586,5,14,8.0,22.0,512.0,2,47104.0
37,burgers2d_physics_imperfect,64.0,16384.0,45312.0,512.0,264.9824561403509,6,14,8.0,22.0,0.0,0,47360.0
38,burgers2d_physics_imperfect,64.0,16384.0,45568.0,512.0,264.93023255813955,6,14,8.0,22.0,0.0,0,47616.0
39,burgers2d_physics_imperfect,64.0,16384.0,47360.0,512.0,263.1111111111111,5,14,8.0,22.0,0.0,0,49408.0
40,burgers2d_physics_imperfect,64.0,16384.0,47360.0,512.0,261.6574585635359,4,14,8.0,22.0,512.0,2,49664.0
41,burgers2d_physics_imperfect,64.0,16384.0,49152.0,512.0,268.59016393442624,9,14,8.0,22.0,512.0,2,51456.0
42,burgers2d_physics_imperfect,64.0,16384.0,48896.0,512.0,268.65934065934067,9,14,8.0,22.0,0.0,0,50944.0
43,burgers2d_physics_imperfect,64.0,16384.0,48640.0,512.0,268.7292817679558,9,14,8.0,22.0,512.0,2,50944.0
44,burgers2d_physics_imperfect,64.0,16384.0,46592.0,512.0,261.75280898876406,4,10,8.0,18.0,9216.0,8,53248.0
45,burgers2d_physics_imperfect,64.0,16384.0,47616.0,512.0,272.0914285714286,11,10,8.0,18.0,0.0,0,49664.0
46,burgers2d_physics_imperfect,64.0,16384.0,47616.0,512.0,293.9259259259259,24,10,8.0,18.0,5632.0,8,52480.0
47,burgers2d_physics_imperfect,64.0,16384.0,46080.0,512.0,289.811320754717,21,10,8.0,18.0,0.0,0,48128.0
48,burgers2d_physics_imperfect,64.0,16384.0,44288.0,512.0,297.23489932885906,24,11,8.0,19.0,15360.0,29,54016.0
49,burgers2d_physics_imperfect,64.0,16384.0,40960.0,512.0,292.57142857142856,20,10,8.0,18.0,4096.0,9,45056.0
50,burgers2d_physics_imperfect,64.0,16384.0,40704.0,512.0,299.29411764705884,23,10,8.0,18.0,1536.0,2,43520.0
51,burgers2d_physics_imperfect,64.0,16384.0,40448.0,512.0,286.86524822695037,17,9,8.0,17.0,3584.0,9,44288.0
52,burgers2d_physics_imperfect,64.0,16384.0,40448.0,512.0,286.86524822695037,17,9,8.0,17.0,0.0,0,42496.0
53,burgers2d_physics_imperfect,64.0,16384.0,41728.0,512.0,289.77777777777777,19,9,8.0,17.0,1536.0,2,44544.0
54,burgers2d_physics_imperfect,64.0,16384.0,40960.0,512.0,282.48275862068965,15,9,8.0,17.0,0.0,0,43008.0
55,burgers2d_physics_imperfect,64.0,16384.0,41216.0,512.0,282.3013698630137,15,9,8.0,17.0,5120.0,4,45824.0
56,burgers2d_physics_imperfect,64.0,16384.0,42496.0,512.0,287.13513513513516,18,9,8.0,17.0,512.0,2,44800.0
57,burgers2d_physics_imperfect,64.0,16384.0,42752.0,512.0,285.0133333333333,17,9,8.0,17.0,512.0,2,45056.0
58,burgers2d_physics_imperfect,64.0,16384.0,45056.0,512.0,302.38926174496646,27,8,8.0,16.0,8192.0,9,51200.0
59,burgers2d_physics_imperfect,64.0,16384.0,44544.0,512.0,307.2,29,8,8.0,16.0,2560.0,3,47872.0
60,burgers2d_physics_imperfect,64.0,16384.0,39680.0,512.0,300.6060606060606,23,8,8.0,16.0,3584.0,5,43520.0
61,burgers2d_physics_imperfect,64.0,16384.0,40192.0,512.0,309.16923076923075,27,8,8.0,16.0,0.0,0,42240.0
62,burgers2d_physics_imperfect,64.0,16384.0,38656.0,768.0,286.3407407407407,1,8,12.0,20.0,15360.0,21,49408.0
63,burgers2d_physics_imperfect,64.0,16384.0,35328.0,768.0,291.9669421487603,1,8,12.0,20.0,2560.0,3,39680.0
64,burgers2d_physics_imperfect,64.0,16384.0,35584.0,512.0,289.3008130081301,16,8,8.0,16.0,3584.0,7,39424.0
65,burgers2d_physics_imperfect,64.0,16384.0,36096.0,512.0,286.4761904761905,15,8,8.0,16.0,0.0,0,38144.0
66,burgers2d_physics_imperfect,64.0,16384.0,39168.0,512.0,290.1333333333333,18,10,8.0,18.0,512.0,2,41472.0
67,burgers2d_physics_imperfect,64.0,16384.0,41216.0,512.0,292.31205673758865,20,10,8.0,18.0,4608.0,8,45568.0
68,burgers2d_physics_imperfect,64.0,16384.0,38400.0,512.0,286.56716417910445,16,10,8.0,18.0,2560.0,3,41728.0
69,burgers2d_physics_imperfect,64.0,16384.0,38400.0,512.0,288.7218045112782,17,10,8.0,18.0,3584.0,5,42240.0
70,burgers2d_physics_imperfect,64.0,16384.0,42752.0,512.0,303.20567375886526,26,10,8.0,18.0,5120.0,7,47360.0
71,burgers2d_physics_imperfect,64.0,16384.0,42240.0,768.0,310.5882352941176,2,10,12.0,22.0,8704.0,13,49664.0
72,burgers2d_physics_imperfect,64.0,16384.0,40704.0,512.0,310.7175572519084,28,10,8.0,18.0,0.0,0,42752.0
73,burgers2d_physics_imperfect,64.0,16384.0,37376.0,512.0,306.3606557377049,24,9,8.0,17.0,1024.0,4,39936.0
74,burgers2d_physics_imperfect,64.0,16384.0,38656.0,768.0,306.7936507936508,1,9,12.0,21.0,0.0,0,41728.0
75,burgers2d_physics_imperfect,64.0,16384.0,38656.0,768.0,306.7936507936508,1,9,12.0,21.0,0.0,0,41728.0
76,burgers2d_physics_imperfect,64.0,16384.0,39168.0,768.0,306.0,2,9,12.0,21.0,4096.0,5,44288.0
77,burgers2d_physics_imperfect,64.0,16384.0,39168.0,768.0,301.2923076923077,2,9,12.0,21.0,512.0,2,42496.0
78,burgers2d_physics_imperfect,64.0,16384.0,40960.0,512.0,298.978102189781,23,9,8.0,17.0,0.0,0,43008.0
79,burgers2d_physics_imperfect,64.0,16384.0,40704.0,512.0,301.5111111111111,24,9,8.0,17.0,0.0,0,42752.0
80,burgers2d_physics_imperfect,64.0,16384.0,42240.0,512.0,310.5882352941176,29,11,8.0,19.0,4096.0,6,46336.0
81,burgers2d_physics_imperfect,64.0,16384.0,42496.0,512.0,310.18978102189783,29,11,8.0,19.0,1024.0,3,45056.0
82,burgers2d_physics_imperfect,64.0,16384.0,41728.0,512.0,311.4029850746269,29,7,8.0,15.0,1024.0,2,44288.0
83,burgers2d_physics_imperfect,64.0,16384.0,43776.0,512.0,314.9352517985611,32,11,8.0,19.0,1024.0,2,46336.0
84,burgers2d_physics_imperfect,64.0,16384.0,42240.0,512.0,315.2238805970149,31,11,8.0,19.0,2560.0,5,45568.0
85,burgers2d_physics_imperfect,64.0,16384.0,41984.0,512.0,320.48854961832063,33,11,8.0,19.0,3072.0,6,45568.0
86,burgers2d_physics_imperfect,64.0,16384.0,42240.0,768.0,337.92,2,11,12.0,23.0,3072.0,5,46848.0
87,burgers2d_physics_imperfect,64.0,16384.0,40704.0,768.0,315.5348837209302,1,11,12.0,23.0,1024.0,4,44288.0
88,burgers2d_physics_imperfect,64.0,16384.0,38656.0,512.0,304.37795275590554,24,11,8.0,19.0,2048.0,8,41728.0
89,burgers2d_physics_imperfect,64.0,16384.0,40960.0,512.0,312.67175572519085,29,13,8.0,21.0,8192.0,10,47104.0
90,burgers2d_physics_imperfect,64.0,16384.0,42752.0,768.0,323.8787878787879,2,13,12.0,25.0,512.0,2,46080.0
91,burgers2d_physics_imperfect,64.0,16384.0,40448.0,768.0,318.48818897637796,3,10,12.0,22.0,2048.0,4,44544.0
92,burgers2d_physics_imperfect,64.0,16384.0,39936.0,512.0,302.54545454545456,24,10,8.0,18.0,3072.0,7,43520.0
93,burgers2d_physics_imperfect,64.0,16384.0,40448.0,512.0,293.1014492753623,20,10,8.0,18.0,2560.0,3,43776.0
94,burgers2d_physics_imperfect,64.0,16384.0,42752.0,768.0,307.568345323741,2,11,12.0,23.0,7168.0,10,49408.0
95,burgers2d_physics_imperfect,64.0,16384.0,41728.0,768.0,309.0962962962963,1,11,12.0,23.0,0.0,0,44800.0
96,burgers2d_physics_imperfect,64.0,16384.0,41216.0,768.0,300.84671532846716,1,11,12.0,23.0,8704.0,13,48640.0
97,burgers2d_physics_imperfect,64.0,16384.0,38912.0,512.0,304.0,24,9,8.0,17.0,1024.0,2,41472.0
98,burgers2d_physics_imperfect,64.0,16384.0,42496.0,768.0,319.5187969924812,1,9,12.0,21.0,5120.0,10,48128.0
99,burgers2d_physics_imperfect,64.0,16384.0,41984.0,768.0,315.6691729323308,3,9,12.0,21.0,512.0,2,45312.0
4,burgers2d_no_crossflow,64.0,16384.0,0.0,0.0,0.0,0,0,0.0,0.0,0.0,0,0.0
5,burgers2d_no_crossflow,64.0,16384.0,0.0,0.0,0.0,0,0,0.0,0.0,0.0,0,0.0
6,burgers2d_no_crossflow,64.0,16384.0,0.0,0.0,0.0,0,0,0.0,0.0,0.0,0,0.0
7,burgers2d_no_crossflow,64.0,16384.0,0.0,0.0,0.0,0,0,0.0,0.0,0.0,0,0.0
8,burgers2d_no_crossflow,64.0,16384.0,0.0,0.0,0.0,0,0,0.0,0.0,0.0,0,0.0
9,burgers2d_no_crossflow,64.0,16384.0,0.0,0.0,0.0,0,0,0.0,0.0,0.0,0,0.0
10,burgers2d_no_crossflow,64.0,16384.0,0.0,0.0,0.0,0,0,0.0,0.0,0.0,0,0.0
11,burgers2d_no_crossflow,64.0,16384.0,0.0,0.0,0.0,0,0,0.0,0.0,0.0,0,0.0
12,burgers2d_no_crossflow,64.0,16384.0,0.0,0.0,0.0,0,0,0.0,0.0,0.0,0,0.0
13,burgers2d_no_crossflow,64.0,16384.0,0.0,0.0,0.0,0,0,0.0,0.0,0.0,0,0.0
14,burgers2d_no_crossflow,64.0,16384.0,4096.0,256.0,256.0,16,7,4.0,11.0,0.0,0,5120.0
15,burgers2d_no_crossflow,64.0,16384.0,7168.0,256.0,256.0,28,7,4.0,11.0,0.0,0,8192.0
16,burgers2d_no_crossflow,64.0,16384.0,10240.0,256.0,256.0,40,7,4.0,11.0,0.0,0,11264.0
17,burgers2d_no_crossflow,64.0,16384.0,14592.0,256.0,256.0,57,7,4.0,11.0,0.0,0,15616.0
18,burgers2d_no_crossflow,64.0,16384.0,16384.0,512.0,260.06349206349205,1,7,8.0,15.0,0.0,0,18432.0
19,burgers2d_no_crossflow,64.0,16384.0,21760.0,512.0,262.1686746987952,2,7,8.0,15.0,0.0,0,23808.0
20,burgers2d_no_crossflow,64.0,16384.0,25600.0,512.0,261.2244897959184,2,7,8.0,15.0,0.0,0,27648.0
21,burgers2d_no_crossflow,64.0,16384.0,28416.0,512.0,263.1111111111111,3,7,8.0,15.0,0.0,0,30464.0
22,burgers2d_no_crossflow,64.0,16384.0,29952.0,512.0,279.9252336448598,10,8,8.0,16.0,0.0,0,32000.0
23,burgers2d_no_crossflow,64.0,16384.0,33792.0,512.0,274.7317073170732,9,8,8.0,16.0,0.0,0,35840.0
24,burgers2d_no_crossflow,64.0,16384.0,36864.0,512.0,271.05882352941177,8,8,8.0,16.0,0.0,0,38912.0
25,burgers2d_no_crossflow,64.0,16384.0,38656.0,512.0,272.22535211267603,9,8,8.0,16.0,0.0,0,40704.0
26,burgers2d_no_crossflow,64.0,16384.0,40960.0,512.0,269.4736842105263,8,8,8.0,16.0,0.0,0,43008.0
27,burgers2d_no_crossflow,64.0,16384.0,41984.0,512.0,269.12820512820514,8,8,8.0,16.0,0.0,0,44032.0
28,burgers2d_no_crossflow,64.0,16384.0,42752.0,512.0,270.5822784810127,9,8,8.0,16.0,0.0,0,44800.0
29,burgers2d_no_crossflow,64.0,16384.0,43008.0,512.0,272.2025316455696,10,8,8.0,16.0,0.0,0,45056.0
30,burgers2d_no_crossflow,64.0,16384.0,46080.0,512.0,260.33898305084745,3,14,8.0,22.0,0.0,0,48128.0
31,burgers2d_no_crossflow,64.0,16384.0,48640.0,512.0,260.10695187165777,3,14,8.0,22.0,0.0,0,50688.0
32,burgers2d_no_crossflow,64.0,16384.0,48896.0,512.0,260.0851063829787,3,14,8.0,22.0,0.0,0,50944.0
33,burgers2d_no_crossflow,64.0,16384.0,49408.0,512.0,260.0421052631579,3,14,8.0,22.0,0.0,0,51456.0
34,burgers2d_no_crossflow,64.0,16384.0,49664.0,512.0,260.020942408377,3,14,8.0,22.0,0.0,0,51712.0
35,burgers2d_no_crossflow,64.0,16384.0,49920.0,512.0,260.0,3,14,8.0,22.0,0.0,0,51968.0
36,burgers2d_no_crossflow,64.0,16384.0,50176.0,512.0,259.979274611399,3,14,8.0,22.0,0.0,0,52224.0
37,burgers2d_no_crossflow,64.0,16384.0,50944.0,512.0,259.9183673469388,3,14,8.0,22.0,0.0,0,52992.0
38,burgers2d_no_crossflow,64.0,16384.0,51200.0,512.0,259.8984771573604,3,14,8.0,22.0,0.0,0,53248.0
39,burgers2d_no_crossflow,64.0,16384.0,52992.0,512.0,258.49756097560976,2,14,8.0,22.0,0.0,0,55040.0
40,burgers2d_no_crossflow,64.0,16384.0,53248.0,512.0,258.4854368932039,2,14,8.0,22.0,0.0,0,55296.0
41,burgers2d_no_crossflow,64.0,16384.0,55296.0,512.0,257.19069767441863,1,14,8.0,22.0,0.0,0,57344.0
42,burgers2d_no_crossflow,64.0,16384.0,55552.0,512.0,257.18518518518516,1,14,8.0,22.0,0.0,0,57600.0
43,burgers2d_no_crossflow,64.0,16384.0,55552.0,512.0,257.18518518518516,1,14,8.0,22.0,0.0,0,57600.0
44,burgers2d_no_crossflow,64.0,16384.0,55552.0,512.0,257.18518518518516,1,14,8.0,22.0,0.0,0,57600.0
45,burgers2d_no_crossflow,64.0,16384.0,58624.0,512.0,262.88789237668163,6,14,8.0,22.0,0.0,0,60672.0
46,burgers2d_no_crossflow,64.0,16384.0,59904.0,768.0,277.3333333333333,5,14,12.0,26.0,3584.0,3,64768.0
47,burgers2d_no_crossflow,64.0,16384.0,59648.0,768.0,276.14814814814815,5,14,12.0,26.0,0.0,0,62720.0
48,burgers2d_no_crossflow,64.0,16384.0,61696.0,1024.0,288.29906542056074,3,14,16.0,30.0,3584.0,4,67584.0
49,burgers2d_no_crossflow,64.0,16384.0,61184.0,1024.0,283.25925925925924,3,14,16.0,30.0,0.0,0,65280.0
50,burgers2d_no_crossflow,64.0,16384.0,66560.0,1024.0,331.1442786069652,5,14,16.0,30.0,7168.0,12,74240.0
51,burgers2d_no_crossflow,64.0,16384.0,66560.0,1024.0,329.5049504950495,2,14,16.0,30.0,1536.0,2,71424.0
52,burgers2d_no_crossflow,64.0,16384.0,65280.0,1024.0,323.16831683168317,1,14,16.0,30.0,512.0,2,69632.0
53,burgers2d_no_crossflow,64.0,16384.0,66304.0,1024.0,323.4341463414634,1,14,16.0,30.0,1536.0,4,71168.0
54,burgers2d_no_crossflow,64.0,16384.0,68096.0,1024.0,333.80392156862746,2,14,16.0,30.0,0.0,0,72192.0
55,burgers2d_no_crossflow,64.0,16384.0,70144.0,1024.0,343.84313725490193,2,14,16.0,30.0,3072.0,4,75776.0
56,burgers2d_no_crossflow,64.0,16384.0,69632.0,1024.0,346.4278606965174,1,13,16.0,29.0,2560.0,4,75008.0
57,burgers2d_no_crossflow,64.0,16384.0,68864.0,1024.0,339.23152709359607,1,13,16.0,29.0,0.0,0,72960.0
58,burgers2d_no_crossflow,64.0,16384.0,69376.0,1024.0,345.1542288557214,1,13,16.0,29.0,2048.0,4,74496.0
59,burgers2d_no_crossflow,64.0,16384.0,70400.0,1024.0,350.2487562189055,2,13,16.0,29.0,0.0,0,74496.0
60,burgers2d_no_crossflow,64.0,16384.0,73472.0,1024.0,367.36,3,13,16.0,29.0,0.0,0,77568.0
61,burgers2d_no_crossflow,64.0,16384.0,74240.0,1024.0,380.71794871794873,4,13,16.0,29.0,6144.0,10,81408.0
62,burgers2d_no_crossflow,64.0,16384.0,74496.0,1024.0,382.03076923076924,4,13,16.0,29.0,0.0,0,78592.0
63,burgers2d_no_crossflow,64.0,16384.0,73984.0,1024.0,383.33678756476684,4,13,16.0,29.0,512.0,2,78336.0
64,burgers2d_no_crossflow,64.0,16384.0,75520.0,1024.0,381.4141414141414,4,13,16.0,29.0,1024.0,2,80128.0
65,burgers2d_no_crossflow,64.0,16384.0,76032.0,1024.0,380.16,4,13,16.0,29.0,512.0,2,80384.0
66,burgers2d_no_crossflow,64.0,16384.0,76032.0,1024.0,374.5418719211823,3,13,16.0,29.0,0.0,0,80128.0
67,burgers2d_no_crossflow,64.0,16384.0,76032.0,1024.0,376.3960396039604,3,13,16.0,29.0,0.0,0,80128.0
68,burgers2d_no_crossflow,64.0,16384.0,77312.0,1024.0,377.13170731707316,3,13,16.0,29.0,0.0,0,81408.0
69,burgers2d_no_crossflow,64.0,16384.0,77824.0,1024.0,385.26732673267327,3,13,16.0,29.0,2560.0,4,83200.0
70,burgers2d_no_crossflow,64.0,16384.0,75008.0,1024.0,380.75126903553297,2,13,16.0,29.0,2048.0,3,80128.0
71,burgers2d_no_crossflow,64.0,16384.0,75008.0,1024.0,380.75126903553297,2,13,16.0,29.0,512.0,2,79360.0
72,burgers2d_no_crossflow,64.0,16384.0,77824.0,1024.0,395.0456852791878,1,13,16.0,29.0,0.0,0,81920.0
73,burgers2d_no_crossflow,64.0,16384.0,78080.0,1024.0,394.34343434343435,2,13,16.0,29.0,0.0,0,82176.0
74,burgers2d_no_crossflow,64.0,16384.0,78336.0,1024.0,397.6446700507614,2,13,16.0,29.0,0.0,0,82432.0
75,burgers2d_no_crossflow,64.0,16384.0,78336.0,1024.0,397.6446700507614,2,13,16.0,29.0,0.0,0,82432.0
76,burgers2d_no_crossflow,64.0,16384.0,78592.0,1024.0,394.93467336683415,1,13,16.0,29.0,0.0,0,82688.0
77,burgers2d_no_crossflow,64.0,16384.0,77568.0,768.0,393.74619289340103,14,13,12.0,25.0,0.0,0,80640.0
78,burgers2d_no_crossflow,64.0,16384.0,79872.0,768.0,405.44162436548226,14,13,12.0,25.0,0.0,0,82944.0
79,burgers2d_no_crossflow,64.0,16384.0,82944.0,1024.0,418.90909090909093,1,13,16.0,29.0,512.0,2,87296.0
80,burgers2d_no_crossflow,64.0,16384.0,81408.0,1024.0,415.3469387755102,2,13,16.0,29.0,3072.0,4,87040.0
81,burgers2d_no_crossflow,64.0,16384.0,84736.0,1024.0,427.95959595959596,6,13,16.0,29.0,0.0,0,88832.0
82,burgers2d_no_crossflow,64.0,16384.0,84224.0,1024.0,429.7142857142857,6,13,16.0,29.0,0.0,0,88320.0
83,burgers2d_no_crossflow,64.0,16384.0,84736.0,1024.0,421.5721393034826,3,13,16.0,29.0,2048.0,3,89856.0
84,burgers2d_no_crossflow,64.0,16384.0,84992.0,1024.0,420.7524752475247,2,13,16.0,29.0,512.0,2,89344.0
85,burgers2d_no_crossflow,64.0,16384.0,85760.0,1024.0,420.3921568627451,2,13,16.0,29.0,0.0,0,89856.0
86,burgers2d_no_crossflow,64.0,16384.0,85760.0,1024.0,420.3921568627451,2,13,16.0,29.0,0.0,0,89856.0
87,burgers2d_no_crossflow,64.0,16384.0,79360.0,1024.0,411.19170984455957,1,13,16.0,29.0,8192.0,9,87552.0
88,burgers2d_no_crossflow,64.0,16384.0,83200.0,1024.0,416.0,3,13,16.0,29.0,0.0,0,87296.0
89,burgers2d_no_crossflow,64.0,16384.0,84736.0,1024.0,425.80904522613065,4,13,16.0,29.0,0.0,0,88832.0
90,burgers2d_no_crossflow,64.0,16384.0,88320.0,1024.0,448.3248730964467,4,13,16.0,29.0,2560.0,4,93696.0
91,burgers2d_no_crossflow,64.0,16384.0,86528.0,1024.0,446.02061855670104,4,13,16.0,29.0,2560.0,7,91904.0
92,burgers2d_no_crossflow,64.0,16384.0,85248.0,1024.0,441.69948186528495,4,13,16.0,29.0,512.0,2,89600.0
93,burgers2d_no_crossflow,64.0,16384.0,85760.0,1280.0,439.79487179487177,6,13,20.0,33.0,0.0,0,90880.0
94,burgers2d_no_crossflow,64.0,16384.0,87296.0,1280.0,443.1269035532995,4,13,20.0,33.0,512.0,2,92672.0
95,burgers2d_no_crossflow,64.0,16384.0,87552.0,1280.0,446.6938775510204,5,12,20.0,32.0,2560.0,4,93952.0
96,burgers2d_no_crossflow,64.0,16384.0,87808.0,1280.0,450.2974358974359,6,12,20.0,32.0,0.0,0,92928.0
97,burgers2d_no_crossflow,64.0,16384.0,88064.0,1280.0,433.8128078817734,6,12,20.0,32.0,5120.0,7,95744.0
98,burgers2d_no_crossflow,64.0,16384.0,87808.0,1280.0,434.6930693069307,6,12,20.0,32.0,0.0,0,92928.0
99,burgers2d_no_crossflow,64.0,16384.0,89344.0,1280.0,437.96078431372547,5,12,20.0,32.0,512.0,2,94720.0
4,burgers2d_oracle,64.0,16384.0,0.0,0.0,0.0,0,0,0.0,0.0,0.0,0,0.0
5,burgers2d_oracle,64.0,16384.0,0.0,0.0,0.0,0,0,0.0,0.0,0.0,0,0.0
6,burgers2d_oracle,64.0,16384.0,0.0,0.0,0.0,0,0,0.0,0.0,0.0,0,0.0
7,burgers2d_oracle,64.0,16384.0,0.0,0.0,0.0,0,0,0.0,0.0,0.0,0,0.0
8,burgers2d_oracle,64.0,16384.0,0.0,0.0,0.0,0,0,0.0,0.0,0.0,0,0.0
9,burgers2d_oracle,64.0,16384.0,0.0,0.0,0.0,0,0,0.0,0.0,0.0,0,0.0
10,burgers2d_oracle,64.0,16384.0,0.0,0.0,0.0,0,0,0.0,0.0,0.0,0,0.0
11,burgers2d_oracle,64.0,16384.0,0.0,0.0,0.0,0,0,0.0,0.0,0.0,0,0.0
12,burgers2d_oracle,64.0,16384.0,0.0,0.0,0.0,0,0,0.0,0.0,0.0,0,0.0
13,burgers2d_oracle,64.0,16384.0,0.0,0.0,0.0,0,0,0.0,0.0,0.0,0,0.0
14,burgers2d_oracle,64.0,16384.0,4096.0,256.0,256.0,16,7,4.0,11.0,0.0,0,5120.0
15,burgers2d_oracle,64.0,16384.0,7168.0,256.0,256.0,28,7,4.0,11.0,0.0,0,8192.0
16,burgers2d_oracle,64.0,16384.0,10240.0,256.0,256.0,40,7,4.0,11.0,0.0,0,11264.0
17,burgers2d_oracle,64.0,16384.0,14592.0,256.0,256.0,57,7,4.0,11.0,0.0,0,15616.0
18,burgers2d_oracle,64.0,16384.0,15872.0,256.0,256.0,62,7,4.0,11.0,1024.0,3,17408.0
19,burgers2d_oracle,64.0,16384.0,18176.0,512.0,259.65714285714284,1,7,8.0,15.0,4096.0,5,22272.0
20,burgers2d_oracle,64.0,16384.0,23040.0,512.0,261.8181818181818,2,7,8.0,15.0,1024.0,3,25600.0
21,burgers2d_oracle,64.0,16384.0,23808.0,512.0,264.53333333333336,3,7,8.0,15.0,3584.0,6,27648.0
22,burgers2d_oracle,64.0,16384.0,25856.0,512.0,261.17171717171715,2,7,8.0,15.0,512.0,2,28160.0
23,burgers2d_oracle,64.0,16384.0,31232.0,512.0,266.94017094017096,5,7,8.0,15.0,512.0,2,33536.0
24,burgers2d_oracle,64.0,16384.0,32768.0,512.0,280.0683760683761,11,8,8.0,16.0,512.0,2,35072.0
25,burgers2d_oracle,64.0,16384.0,33280.0,512.0,279.66386554621846,11,8,8.0,16.0,1536.0,2,36096.0
26,burgers2d_oracle,64.0,16384.0,35072.0,512.0,276.15748031496065,10,8,8.0,16.0,512.0,2,37376.0
27,burgers2d_oracle,64.0,16384.0,36864.0,512.0,279.27272727272725,12,8,8.0,16.0,0.0,0,38912.0
28,burgers2d_oracle,64.0,16384.0,37376.0,512.0,287.5076923076923,16,8,8.0,16.0,0.0,0,39424.0
29,burgers2d_oracle,64.0,16384.0,37632.0,512.0,289.4769230769231,17,8,8.0,16.0,0.0,0,39680.0
30,burgers2d_oracle,64.0,16384.0,38656.0,512.0,274.15602836879435,10,12,8.0,20.0,3584.0,11,42496.0
31,burgers2d_oracle,64.0,16384.0,41472.0,512.0,276.48,12,12,8.0,20.0,1024.0,4,44032.0
32,burgers2d_oracle,64.0,16384.0,41472.0,512.0,276.48,12,12,8.0,20.0,0.0,0,43520.0
33,burgers2d_oracle,64.0,16384.0,41984.0,512.0,279.8933333333333,14,12,8.0,20.0,0.0,0,44032.0
34,burgers2d_oracle,64.0,16384.0,42752.0,512.0,281.2631578947368,15,12,8.0,20.0,0.0,0,44800.0
35,burgers2d_oracle,64.0,16384.0,43008.0,512.0,281.0980392156863,15,12,8.0,20.0,0.0,0,45056.0
36,burgers2d_oracle,64.0,16384.0,43520.0,512.0,284.44444444444446,17,12,8.0,20.0,0.0,0,45568.0
37,burgers2d_oracle,64.0,16384.0,43776.0,512.0,286.11764705882354,18,12,8.0,20.0,512.0,2,46080.0
38,burgers2d_oracle,64.0,16384.0,44032.0,512.0,285.9220779220779,18,12,8.0,20.0,0.0,0,46080.0
39,burgers2d_oracle,64.0,16384.0,45312.0,512.0,283.2,17,12,8.0,20.0,512.0,2,47616.0
40,burgers2d_oracle,64.0,16384.0,45568.0,512.0,284.8,18,12,8.0,20.0,0.0,0,47616.0
41,burgers2d_oracle,64.0,16384.0,46592.0,512.0,282.3757575757576,17,12,8.0,20.0,1024.0,4,49152.0
42,burgers2d_oracle,64.0,16384.0,46336.0,512.0,291.42138364779873,22,12,8.0,20.0,512.0,2,48640.0
43,burgers2d_oracle,64.0,16384.0,46336.0,512.0,291.42138364779873,22,12,8.0,20.0,0.0,0,48384.0
44,burgers2d_oracle,64.0,16384.0,46336.0,512.0,291.42138364779873,22,12,8.0,20.0,0.0,0,48384.0
45,burgers2d_oracle,64.0,16384.0,48384.0,512.0,298.6666666666667,27,9,8.0,17.0,3072.0,2,51968.0
46,burgers2d_oracle,64.0,16384.0,44800.0,512.0,294.7368421052632,23,9,8.0,17.0,6144.0,8,49920.0
47,burgers2d_oracle,64.0,16384.0,46080.0,512.0,295.38461538461536,24,9,8.0,17.0,0.0,0,48128.0
48,burgers2d_oracle,64.0,16384.0,46848.0,512.0,300.3076923076923,27,9,8.0,17.0,512.0,2,49152.0
49,burgers2d_oracle,64.0,16384.0,48896.0,512.0,296.3393939393939,26,9,8.0,17.0,0.0,0,50944.0
50,burgers2d_oracle,64.0,16384.0,46848.0,512.0,314.4161073825503,34,9,8.0,17.0,4096.0,8,50944.0
51,burgers2d_oracle,64.0,16384.0,44544.0,512.0,315.9148936170213,33,9,8.0,17.0,4608.0,12,48896.0
52,burgers2d_oracle,64.0,16384.0,44032.0,512.0,312.2836879432624,31,9,8.0,17.0,0.0,0,46080.0
53,burgers2d_oracle,64.0,16384.0,44288.0,512.0,309.7062937062937,30,9,8.0,17.0,1536.0,3,47104.0
54,burgers2d_oracle,64.0,16384.0,45312.0,512.0,321.36170212765956,36,9,8.0,17.0,2560.0,3,48640.0
55,burgers2d_oracle,64.0,16384.0,44288.0,512.0,318.61870503597123,34,10,8.0,18.0,3584.0,4,48128.0
56,burgers2d_oracle,64.0,16384.0,41472.0,512.0,302.7153284671533,25,10,8.0,18.0,4096.0,6,45568.0
57,burgers2d_oracle,64.0,16384.0,41472.0,512.0,294.1276595744681,21,9,8.0,17.0,2048.0,5,44544.0
58,burgers2d_oracle,64.0,16384.0,41984.0,512.0,302.0431654676259,25,9,8.0,17.0,1536.0,3,44800.0
59,burgers2d_oracle,64.0,16384.0,43264.0,512.0,304.67605633802816,27,9,8.0,17.0,512.0,2,45568.0
60,burgers2d_oracle,64.0,16384.0,43776.0,768.0,312.6857142857143,3,9,12.0,21.0,6144.0,8,49920.0
61,burgers2d_oracle,64.0,16384.0,43008.0,768.0,311.6521739130435,4,9,12.0,21.0,4096.0,6,48128.0
62,burgers2d_oracle,64.0,16384.0,43776.0,768.0,310.468085106383,4,9,12.0,21.0,0.0,0,46848.0
63,burgers2d_oracle,64.0,16384.0,42496.0,512.0,303.54285714285714,26,9,8.0,17.0,6144.0,11,47616.0
64,burgers2d_oracle,64.0,16384.0,45568.0,512.0,299.7894736842105,26,9,8.0,17.0,2048.0,3,48640.0
65,burgers2d_oracle,64.0,16384.0,45824.0,512.0,301.4736842105263,27,9,8.0,17.0,0.0,0,47872.0
66,burgers2d_oracle,64.0,16384.0,45824.0,512.0,303.4701986754967,28,9,8.0,17.0,1536.0,6,48640.0
67,burgers2d_oracle,64.0,16384.0,43008.0,512.0,300.75524475524475,25,9,8.0,17.0,4096.0,7,47104.0
68,burgers2d_oracle,64.0,16384.0,41728.0,512.0,300.2014388489209,24,8,8.0,16.0,2560.0,6,45056.0
69,burgers2d_oracle,64.0,16384.0,44032.0,512.0,310.0845070422535,30,9,8.0,17.0,3584.0,9,47872.0
70,burgers2d_oracle,64.0,16384.0,43520.0,512.0,320.0,34,10,8.0,18.0,2560.0,6,46848.0
71,burgers2d_oracle,64.0,16384.0,43520.0,512.0,320.0,34,10,8.0,18.0,0.0,0,45568.0
72,burgers2d_oracle,64.0,16384.0,42496.0,768.0,337.26984126984127,6,10,12.0,22.0,5632.0,11,48384.0
73,burgers2d_oracle,64.0,16384.0,41728.0,512.0,302.3768115942029,25,10,8.0,18.0,5632.0,12,46592.0
74,burgers2d_oracle,64.0,16384.0,42496.0,512.0,303.54285714285714,26,10,8.0,18.0,512.0,2,44800.0
75,burgers2d_oracle,64.0,16384.0,42496.0,512.0,303.54285714285714,26,10,8.0,18.0,0.0,0,44544.0
76,burgers2d_oracle,64.0,16384.0,43264.0,512.0,306.83687943262413,28,11,8.0,19.0,512.0,2,45568.0
77,burgers2d_oracle,64.0,16384.0,44800.0,512.0,313.2867132867133,32,11,8.0,19.0,0.0,0,46848.0
78,burgers2d_oracle,64.0,16384.0,47104.0,512.0,320.4353741496599,37,11,8.0,19.0,0.0,0,49152.0
79,burgers2d_oracle,64.0,16384.0,46592.0,512.0,323.55555555555554,38,11,8.0,19.0,0.0,0,48640.0
80,burgers2d_oracle,64.0,16384.0,47616.0,512.0,323.9183673469388,39,11,8.0,19.0,0.0,0,49664.0
81,burgers2d_oracle,64.0,16384.0,46336.0,512.0,310.97986577181206,32,11,8.0,19.0,4608.0,6,50688.0
82,burgers2d_oracle,64.0,16384.0,46336.0,512.0,313.0810810810811,33,11,8.0,19.0,0.0,0,48384.0
83,burgers2d_oracle,64.0,16384.0,45312.0,512.0,323.65714285714284,37,11,8.0,19.0,7168.0,11,50944.0
84,burgers2d_oracle,64.0,16384.0,43520.0,512.0,317.66423357664235,33,11,8.0,19.0,4608.0,5,47872.0
85,burgers2d_oracle,64.0,16384.0,42752.0,512.0,321.4436090225564,34,11,8.0,19.0,512.0,2,45056.0
86,burgers2d_oracle,64.0,16384.0,42752.0,512.0,321.4436090225564,34,11,8.0,19.0,0.0,0,44800.0
87,burgers2d_oracle,64.0,16384.0,43008.0,512.0,325.8181818181818,36,11,8.0,19.0,0.0,0,45056.0
88,burgers2d_oracle,64.0,16384.0,42240.0,512.0,327.4418604651163,36,11,8.0,19.0,3072.0,6,45824.0
89,burgers2d_oracle,64.0,16384.0,40960.0,512.0,325.07936507936506,34,11,8.0,19.0,3072.0,8,44544.0
90,burgers2d_oracle,64.0,16384.0,40192.0,512.0,326.7642276422764,34,11,8.0,19.0,3584.0,7,44032.0
91,burgers2d_oracle,64.0,16384.0,41472.0,512.0,324.0,34,11,8.0,19.0,2560.0,5,44800.0
92,burgers2d_oracle,64.0,16384.0,45312.0,768.0,335.64444444444445,6,11,12.0,23.0,3584.0,5,50176.0
93,burgers2d_oracle,64.0,16384.0,43520.0,512.0,317.66423357664235,33,11,8.0,19.0,5120.0,8,48128.0
94,burgers2d_oracle,64.0,16384.0,46592.0,512.0,325.8181818181818,39,11,8.0,19.0,512.0,2,48896.0
95,burgers2d_oracle,64.0,16384.0,46848.0,512.0,332.25531914893617,42,11,8.0,19.0,2560.0,4,50176.0
96,burgers2d_oracle,64.0,16384.0,45568.0,512.0,320.90140845070425,36,11,8.0,19.0,1024.0,2,48128.0
97,burgers2d_oracle,64.0,16384.0,45312.0,512.0,312.49655172413793,32,11,8.0,19.0,4608.0,8,49664.0
98,burgers2d_oracle,64.0,16384.0,45568.0,512.0,312.1095890410959,32,11,8.0,19.0,1024.0,2,48128.0
99,burgers2d_oracle,64.0,16384.0,45056.0,512.0,312.8888888888889,32,13,8.0,21.0,3072.0,9,48640.0
