policy,bandwidth,beta,total_byte_hops,mean_max_link_load,p95_max_link_load,mean_latency,p95_latency,total_migration_byte_hops,total_objective,total_moved_tasks,objective_improvement_vs_reactive,byte_hop_improvement_vs_reactive,latency_improvement_vs_reactive,oracle_capture_vs_reactive
static,16.0,0.0,8548096.0,1946.6666666666667,3328.0,133.22916666666666,219.0,0.0,8548096.0,0,1.0613039441765746,0.9317480758288161,0.8784206411258797,0.11901162790697674
reactive,16.0,0.0,7964672.0,1688.0,2816.0,117.03125,186.0,2214912.0,9072128.0,2949,1.0,1.0,1.0,0.0
history,16.0,0.0,7792128.0,1520.0,2304.0,106.52083333333333,154.25,4160512.0,9872384.0,4626,0.9189399439892127,1.0221433734148104,1.0986700567181695,-0.18174418604651163
characteristic,16.0,0.0,4520960.0,1146.6666666666667,1856.0,80.85416666666667,127.5,2065920.0,5553920.0,2914,1.6334639317815165,1.7617214043035108,1.4474362277763462,0.7990116279069768
oracle,16.0,0.0,3500544.0,954.6666666666666,1536.0,67.02083333333333,102.0,2336768.0,4668928.0,3033,1.9430858646781446,2.2752669299400323,1.7461921044451354,1.0
static,32.0,0.0,8548096.0,1946.6666666666667,3328.0,72.39583333333333,115.0,0.0,8548096.0,0,1.0613039441765746,0.9317480758288161,0.8879136690647482,0.11901162790697674
reactive,32.0,0.0,7964672.0,1688.0,2816.0,64.28125,98.0,2214912.0,9072128.0,2949,1.0,1.0,1.0,0.0
history,32.0,0.0,7792128.0,1520.0,2304.0,59.020833333333336,82.25,4160512.0,9872384.0,4626,0.9189399439892127,1.0221433734148104,1.0891281327214966,-0.18174418604651163
characteristic,32.0,0.0,4520960.0,1146.6666666666667,1856.0,45.020833333333336,69.5,2065920.0,5553920.0,2914,1.6334639317815165,1.7617214043035108,1.427811198519204,0.7990116279069768
oracle,32.0,0.0,3500544.0,954.6666666666666,1536.0,37.1875,54.0,2336768.0,4668928.0,3033,1.9430858646781446,2.2752669299400323,1.7285714285714286,1.0
static,64.0,0.0,8548096.0,1946.6666666666667,3328.0,41.979166666666664,63.0,0.0,8548096.0,0,1.0613039441765746,0.9317480758288161,0.9029776674937966,0.11901162790697674
reactive,64.0,0.0,7964672.0,1688.0,2816.0,37.90625,54.0,2214912.0,9072128.0,2949,1.0,1.0,1.0,0.0
history,64.0,0.0,7792128.0,1520.0,2304.0,35.270833333333336,46.25,4160512.0,9872384.0,4626,0.9189399439892127,1.0221433734148104,1.0747194329592438,-0.18174418604651163
characteristic,64.0,0.0,4520960.0,1146.6666666666667,1856.0,27.104166666666668,39.5,2065920.0,5553920.0,2914,1.6334639317815165,1.7617214043035108,1.3985395849346656,0.7990116279069768
oracle,64.0,0.0,3500544.0,954.6666666666666,1536.0,22.270833333333332,30.0,2336768.0,4668928.0,3033,1.9430858646781446,2.2752669299400323,1.7020579981290926,1.0
static,128.0,0.0,8548096.0,1946.6666666666667,3328.0,26.770833333333332,37.0,0.0,8548096.0,0,1.0613039441765746,0.9317480758288161,0.9233463035019456,0.11901162790697674
reactive,128.0,0.0,7964672.0,1688.0,2816.0,24.71875,32.0,2214912.0,9072128.0,2949,1.0,1.0,1.0,0.0
history,128.0,0.0,7792128.0,1520.0,2304.0,23.395833333333332,29.0,4160512.0,9872384.0,4626,0.9189399439892127,1.0221433734148104,1.0565449688334818,-0.18174418604651163
characteristic,128.0,0.0,4520960.0,1146.6666666666667,1856.0,18.145833333333332,25.0,2065920.0,5553920.0,2914,1.6334639317815165,1.7617214043035108,1.362227324913892,0.7990116279069768
oracle,128.0,0.0,3500544.0,954.6666666666666,1536.0,14.8125,19.0,2336768.0,4668928.0,3033,1.9430858646781446,2.2752669299400323,1.6687763713080168,1.0
static,256.0,0.0,8548096.0,1946.6666666666667,3328.0,19.166666666666668,24.25,0.0,8548096.0,0,1.0613039441765746,0.9317480758288161,0.9456521739130435,0.11901162790697674
reactive,256.0,0.0,7964672.0,1688.0,2816.0,18.125,22.0,2214912.0,9072128.0,2949,1.0,1.0,1.0,0.0
history,256.0,0.0,7792128.0,1520.0,2304.0,17.458333333333332,20.0,4160512.0,9872384.0,4626,0.9189399439892127,1.0221433734148104,1.0381861575178999,-0.18174418604651163
characteristic,256.0,0.0,4520960.0,1146.6666666666667,1856.0,13.666666666666666,18.0,2065920.0,5553920.0,2914,1.6334639317815165,1.7617214043035108,1.326219512195122,0.7990116279069768
oracle,256.0,0.0,3500544.0,954.6666666666666,1536.0,11.083333333333334,14.0,2336768.0,4668928.0,3033,1.9430858646781446,2.2752669299400323,1.6353383458646615,1.0
static,16.0,1.0,8548096.0,1946.6666666666667,3328.0,133.22916666666666,219.0,0.0,8734976.0,0,1.0672899387473989,0.9346829984127459,0.8450351837372948,0.12460653424508847
reactive,16.0,1.0,7989760.0,1618.6666666666667,2560.0,112.58333333333333,170.25,2355200.0,9322752.0,2988,1.0,1.0,1.0,0.0
history,16.0,1.0,7757568.0,1549.3333333333333,2304.0,108.10416666666667,157.0,4289024.0,10050816.0,4655,0.9275617024528158,1.02993102993103,1.0414338022740413,-0.15434711820253988
characteristic,16.0,1.0,4574464.0,1101.3333333333333,1792.0,78.51041666666667,121.25,2295296.0,5827840.0,2951,1.5996925104326818,1.746600257429067,1.4339923046304894,0.7409095842830783
oracle,16.0,1.0,3395072.0,794.6666666666666,1024.0,57.03125,73.0,2268672.0,4605696.0,3058,2.024178756044689,2.3533403709847684,1.9740639269406393,1.0
static,32.0,1.0,8548096.0,1946.6666666666667,3328.0,72.39583333333333,115.0,0.0,8734976.0,0,1.0672899387473989,0.9346829984127459,0.8564028776978417,0.12460653424508847
reactive,32.0,1.0,7989760.0,1618.6666666666667,2560.0,62.0,90.25,2355200.0,9322752.0,2988,1.0,1.0,1.0,0.0
history,32.0,1.0,7757568.0,1549.3333333333333,2304.0,59.6875,85.0,4289024.0,10050816.0,4655,0.9275617024528158,1.02993102993103,1.0387434554973822,-0.15434711820253988
characteristic,32.0,1.0,4574464.0,1101.3333333333333,1792.0,44.09375,65.25,2295296.0,5827840.0,2951,1.5996925104326818,1.746600257429067,1.406094968107725,0.7409095842830783
oracle,32.0,1.0,3395072.0,794.6666666666666,1024.0,32.197916666666664,41.0,2268672.0,4605696.0,3058,2.024178756044689,2.3533403709847684,1.9255904238110646,1.0
static,64.0,1.0,8548096.0,1946.6666666666667,3328.0,41.979166666666664,63.0,0.0,8734976.0,0,1.0672899387473989,0.9346829984127459,0.8744416873449132,0.12460653424508847
reactive,64.0,1.0,7989760.0,1618.6666666666667,2560.0,36.708333333333336,50.25,2355200.0,9322752.0,2988,1.0,1.0,1.0,0.0
history,64.0,1.0,7757568.0,1549.3333333333333,2304.0,35.479166666666664,49.0,4289024.0,10050816.0,4655,0.9275617024528158,1.02993102993103,1.0346447445684088,-0.15434711820253988
characteristic,64.0,1.0,4574464.0,1101.3333333333333,1792.0,26.885416666666668,38.0,2295296.0,5827840.0,2951,1.5996925104326818,1.746600257429067,1.3653622626888804,0.7409095842830783
oracle,64.0,1.0,3395072.0,794.6666666666666,1024.0,19.78125,25.0,2268672.0,4605696.0,3058,2.024178756044689,2.3533403709847684,1.855713533438652,1.0
static,128.0,1.0,8548096.0,1946.6666666666667,3328.0,26.770833333333332,37.0,0.0,8734976.0,0,1.0672899387473989,0.9346829984127459,0.8988326848249028,0.12460653424508847
reactive,128.0,1.0,7989760.0,1618.6666666666667,2560.0,24.0625,30.25,2355200.0,9322752.0,2988,1.0,1.0,1.0,0.0
history,128.0,1.0,7757568.0,1549.3333333333333,2304.0,23.375,30.25,4289024.0,10050816.0,4655,0.9275617024528158,1.02993102993103,1.0294117647058822,-0.15434711820253988
characteristic,128.0,1.0,4574464.0,1101.3333333333333,1792.0,18.28125,25.25,2295296.0,5827840.0,2951,1.5996925104326818,1.746600257429067,1.3162393162393162,0.7409095842830783
oracle,128.0,1.0,3395072.0,794.6666666666666,1024.0,13.572916666666666,17.0,2268672.0,4605696.0,3058,2.024178756044689,2.3533403709847684,1.772831926323868,1.0
static,256.0,1.0,8548096.0,1946.6666666666667,3328.0,19.166666666666668,24.25,0.0,8734976.0,0,1.0672899387473989,0.9346829984127459,0.9255434782608695,0.12460653424508847
reactive,256.0,1.0,7989760.0,1618.6666666666667,2560.0,17.739583333333332,21.0,2355200.0,9322752.0,2988,1.0,1.0,1.0,0.0
history,256.0,1.0,7757568.0,1549.3333333333333,2304.0,17.322916666666668,21.0,4289024.0,10050816.0,4655,0.9275617024528158,1.02993102993103,1.0240529164161154,-0.15434711820253988
characteristic,256.0,1.0,4574464.0,1101.3333333333333,1792.0,13.979166666666666,19.0,2295296.0,5827840.0,2951,1.5996925104326818,1.746600257429067,1.2690014903129656,0.7409095842830783
oracle,256.0,1.0,3395072.0,794.6666666666666,1024.0,10.46875,14.0,2268672.0,4605696.0,3058,2.024178756044689,2.3533403709847684,1.6945273631840796,1.0
static,16.0,2.0,8548096.0,1946.6666666666667,3328.0,133.22916666666666,219.0,0.0,8921856.0,0,1.0420934836876992,0.9158156389446258,0.8341673182173575,0.08384294450477224
reactive,16.0,2.0,7828480.0,1600.0,2624.0,111.13541666666667,175.5,2323456.0,9297408.0,3059,1.0,1.0,1.0,0.0
history,16.0,2.0,7826944.0,1477.3333333333333,2048.0,103.80208333333333,140.25,4343808.0,10282496.0,4634,0.9041975800428222,1.0001962451756394,1.0706472654290016,-0.21992341544264732
characteristic,16.0,2.0,4619776.0,1080.0,1600.0,76.95833333333333,112.0,2234368.0,5944320.0,2929,1.5640826873385012,1.6945583508810818,1.4440985381700056,0.7485854717951649
oracle,16.0,2.0,3513856.0,773.3333333333334,1024.0,55.635416666666664,72.25,2311680.0,4818176.0,3074,1.9296530471282078,2.227888678420516,1.997565998876615,1.0
static,32.0,2.0,8548096.0,1946.6666666666667,3328.0,72.39583333333333,115.0,0.0,8921856.0,0,1.0420934836876992,0.9158156389446258,0.8444604316546763,0.08384294450477224
reactive,32.0,2.0,7828480.0,1600.0,2624.0,61.135416666666664,93.5,2323456.0,9297408.0,3059,1.0,1.0,1.0,0.0
history,32.0,2.0,7826944.0,1477.3333333333333,2048.0,57.635416666666664,76.25,4343808.0,10282496.0,4634,0.9041975800428222,1.0001962451756394,1.060726549792156,-0.21992341544264732
characteristic,32.0,2.0,4619776.0,1080.0,1600.0,43.208333333333336,62.0,2234368.0,5944320.0,2929,1.5640826873385012,1.6945583508810818,1.4148987463837992,0.7485854717951649
oracle,32.0,2.0,3513856.0,773.3333333333334,1024.0,31.46875,40.25,2311680.0,4818176.0,3074,1.9296530471282078,2.227888678420516,1.9427341939755047,1.0
static,64.0,2.0,8548096.0,1946.6666666666667,3328.0,41.979166666666664,63.0,0.0,8921856.0,0,1.0420934836876992,0.9158156389446258,0.8607940446650124,0.08384294450477224
reactive,64.0,2.0,7828480.0,1600.0,2624.0,36.135416666666664,52.5,2323456.0,9297408.0,3059,1.0,1.0,1.0,0.0
history,64.0,2.0,7826944.0,1477.3333333333333,2048.0,34.552083333333336,44.25,4343808.0,10282496.0,4634,0.9041975800428222,1.0001962451756394,1.0458245402472113,-0.21992341544264732
characteristic,64.0,2.0,4619776.0,1080.0,1600.0,26.333333333333332,37.0,2234368.0,5944320.0,2929,1.5640826873385012,1.6945583508810818,1.3722310126582278,0.7485854717951649
oracle,64.0,2.0,3513856.0,773.3333333333334,1024.0,19.385416666666668,24.25,2311680.0,4818176.0,3074,1.9296530471282078,2.227888678420516,1.8640515851692636,1.0
static,128.0,2.0,8548096.0,1946.6666666666667,3328.0,26.770833333333332,37.0,0.0,8921856.0,0,1.0420934836876992,0.9158156389446258,0.8828793774319067,0.08384294450477224
reactive,128.0,2.0,7828480.0,1600.0,2624.0,23.635416666666668,32.0,2323456.0,9297408.0,3059,1.0,1.0,1.0,0.0
history,128.0,2.0,7826944.0,1477.3333333333333,2048.0,23.010416666666668,28.0,4343808.0,10282496.0,4634,0.9041975800428222,1.0001962451756394,1.0271616115889544,-0.21992341544264732
characteristic,128.0,2.0,4619776.0,1080.0,1600.0,17.895833333333332,24.0,2234368.0,5944320.0,2929,1.5640826873385012,1.6945583508810818,1.320721769499418,0.7485854717951649
oracle,128.0,2.0,3513856.0,773.3333333333334,1024.0,13.34375,17.0,2311680.0,4818176.0,3074,1.9296530471282078,2.227888678420516,1.7712724434035911,1.0
static,256.0,2.0,8548096.0,1946.6666666666667,3328.0,19.166666666666668,24.25,0.0,8921856.0,0,1.0420934836876992,0.9158156389446258,0.9070652173913043,0.08384294450477224
reactive,256.0,2.0,7828480.0,1600.0,2624.0,17.385416666666668,21.25,2323456.0,9297408.0,3059,1.0,1.0,1.0,0.0
history,256.0,2.0,7826944.0,1477.3333333333333,2048.0,17.239583333333332,20.0,4343808.0,10282496.0,4634,0.9041975800428222,1.0001962451756394,1.0084592145015108,-0.21992341544264732
characteristic,256.0,2.0,4619776.0,1080.0,1600.0,13.677083333333334,17.25,2234368.0,5944320.0,2929,1.5640826873385012,1.6945583508810818,1.2711348057882712,0.7485854717951649
oracle,256.0,2.0,3513856.0,773.3333333333334,1024.0,10.322916666666666,13.25,2311680.0,4818176.0,3074,1.9296530471282078,2.227888678420516,1.684157416750757,1.0
static,16.0,4.0,8548096.0,1946.6666666666667,3328.0,133.22916666666666,219.0,0.0,9295616.0,0,1.0252540552449672,0.9116827887754185,0.8243158717748241,0.05042063012041568
reactive,16.0,4.0,7793152.0,1576.0,2304.0,109.82291666666667,156.5,2264064.0,9530368.0,3017,1.0,1.0,1.0,0.0
history,16.0,4.0,7896576.0,1498.6666666666667,2112.0,104.98958333333333,143.25,4372480.0,10658304.0,4762,0.8941730316568189,0.986902677818842,1.0460363131263024,-0.24226095562764613
characteristic,16.0,4.0,4533504.0,1045.3333333333333,1536.0,74.875,109.0,2361344.0,6115584.0,3032,1.5583741470969903,1.7190129312778812,1.466750139120757,0.7334359707483368
oracle,16.0,4.0,3452672.0,749.3333333333334,1024.0,53.927083333333336,73.0,2268160.0,4874496.0,3087,1.9551494144215116,2.257136501816564,2.0365076299014873,1.0
static,32.0,4.0,8548096.0,1946.6666666666667,3328.0,72.39583333333333,115.0,0.0,9295616.0,0,1.0252540552449672,0.9116827887754185,0.8366906474820144,0.05042063012041568
reactive,32.0,4.0,7793152.0,1576.0,2304.0,60.572916666666664,84.5,2264064.0,9530368.0,3017,1.0,1.0,1.0,0.0
history,32.0,4.0,7896576.0,1498.6666666666667,2112.0,58.15625,77.25,4372480.0,10658304.0,4762,0.8941730316568189,0.986902677818842,1.0415547196847572,-0.24226095562764613
characteristic,32.0,4.0,4533504.0,1045.3333333333333,1536.0,42.208333333333336,61.0,2361344.0,6115584.0,3032,1.5583741470969903,1.7190129312778812,1.4350937808489634,0.7334359707483368
oracle,32.0,4.0,3452672.0,749.3333333333334,1024.0,30.510416666666668,41.0,2268160.0,4874496.0,3087,1.9551494144215116,2.257136501816564,1.98531922157733,1.0
static,64.0,4.0,8548096.0,1946.6666666666667,3328.0,41.979166666666664,63.0,0.0,9295616.0,0,1.0252540552449672,0.9116827887754185,0.8563275434243176,0.05042063012041568
reactive,64.0,4.0,7793152.0,1576.0,2304.0,35.947916666666664,48.5,2264064.0,9530368.0,3017,1.0,1.0,1.0,0.0
history,64.0,4.0,7896576.0,1498.6666666666667,2112.0,34.739583333333336,44.25,4372480.0,10658304.0,4762,0.8941730316568189,0.986902677818842,1.034782608695652,-0.24226095562764613
characteristic,64.0,4.0,4533504.0,1045.3333333333333,1536.0,25.875,37.0,2361344.0,6115584.0,3032,1.5583741470969903,1.7190129312778812,1.3892914653784219,0.7334359707483368
oracle,64.0,4.0,3452672.0,749.3333333333334,1024.0,18.802083333333332,25.0,2268160.0,4874496.0,3087,1.9551494144215116,2.257136501816564,1.9119113573407203,1.0
static,128.0,4.0,8548096.0,1946.6666666666667,3328.0,26.770833333333332,37.0,0.0,9295616.0,0,1.0252540552449672,0.9116827887754185,0.8828793774319067,0.05042063012041568
reactive,128.0,4.0,7793152.0,1576.0,2304.0,23.635416666666668,30.5,2264064.0,9530368.0,3017,1.0,1.0,1.0,0.0
history,128.0,4.0,7896576.0,1498.6666666666667,2112.0,23.03125,27.75,4372480.0,10658304.0,4762,0.8941730316568189,0.986902677818842,1.0262324739936681,-0.24226095562764613
characteristic,128.0,4.0,4533504.0,1045.3333333333333,1536.0,17.708333333333332,25.0,2361344.0,6115584.0,3032,1.5583741470969903,1.7190129312778812,1.3347058823529414,0.7334359707483368
oracle,128.0,4.0,3452672.0,749.3333333333334,1024.0,12.947916666666666,17.0,2268160.0,4874496.0,3087,1.9551494144215116,2.257136501816564,1.8254223652453743,1.0
static,256.0,4.0,8548096.0,1946.6666666666667,3328.0,19.166666666666668,24.25,0.0,9295616.0,0,1.0252540552449672,0.9116827887754185,0.9119565217391304,0.05042063012041568
reactive,256.0,4.0,7793152.0,1576.0,2304.0,17.479166666666668,21.25,2264064.0,9530368.0,3017,1.0,1.0,1.0,0.0
history,256.0,4.0,7896576.0,1498.6666666666667,2112.0,17.177083333333332,20.25,4372480.0,10658304.0,4762,0.8941730316568189,0.986902677818842,1.017586416009703,-0.24226095562764613
characteristic,256.0,4.0,4533504.0,1045.3333333333333,1536.0,13.625,18.25,2361344.0,6115584.0,3032,1.5583741470969903,1.7190129312778812,1.2828746177370032,0.7334359707483368
oracle,256.0,4.0,3452672.0,749.3333333333334,1024.0,10.020833333333334,13.0,2268160.0,4874496.0,3087,1.9551494144215116,2.257136501816564,1.7442827442827442,1.0
static,16.0,8.0,8548096.0,1946.6666666666667,3328.0,133.22916666666666,219.0,0.0,10043136.0,0,1.0289312023654762,0.9234524273007697,0.8254886630179828,0.05640872720043735
reactive,16.0,8.0,7893760.0,1578.6666666666667,2304.0,109.97916666666667,155.0,2455040.0,10333696.0,3197,1.0,1.0,1.0,0.0
history,16.0,8.0,7741440.0,1469.3333333333333,2048.0,103.3125,139.0,4438016.0,11088896.0,4706,0.9318958352571798,1.0196759259259258,1.0645291389393023,-0.1466129914020178
characteristic,16.0,8.0,4391936.0,1066.6666666666667,1792.0,75.71875,119.5,2165760.0,6294016.0,2974,1.6418286829903197,1.7973303800419678,1.4524693905626633,0.7842552557029969
oracle,16.0,8.0,3388672.0,738.6666666666666,1024.0,53.84375,72.5,2453504.0,5182720.0,3198,1.9938750308718203,2.3294553146483343,2.0425614238730896,1.0
static,32.0,8.0,8548096.0,1946.6666666666667,3328.0,72.39583333333333,115.0,0.0,10043136.0,0,1.0289312023654762,0.9234524273007697,0.8376978417266188,0.05640872720043735
reactive,32.0,8.0,7893760.0,1578.6666666666667,2304.0,60.645833333333336,83.0,2455040.0,10333696.0,3197,1.0,1.0,1.0,0.0
history,32.0,8.0,7741440.0,1469.3333333333333,2048.0,57.395833333333336,75.0,4438016.0,11088896.0,4706,0.9318958352571798,1.0196759259259258,1.0566243194192377,-0.1466129914020178
characteristic,32.0,8.0,4391936.0,1066.6666666666667,1792.0,42.385416666666664,63.5,2165760.0,6294016.0,2974,1.6418286829903197,1.7973303800419678,1.4308183828950602,0.7842552557029969
oracle,32.0,8.0,3388672.0,738.6666666666666,1024.0,30.760416666666668,40.5,2453504.0,5182720.0,3198,1.9938750308718203,2.3294553146483343,1.971554351506942,1.0
static,64.0,8.0,8548096.0,1946.6666666666667,3328.0,41.979166666666664,63.0,0.0,10043136.0,0,1.0289312023654762,0.9234524273007697,0.8570719602977668,0.05640872720043735
reactive,64.0,8.0,7893760.0,1578.6666666666667,2304.0,35.979166666666664,47.0,2455040.0,10333696.0,3197,1.0,1.0,1.0,0.0
history,64.0,8.0,7741440.0,1469.3333333333333,2048.0,34.4375,43.0,4438016.0,11088896.0,4706,0.9318958352571798,1.0196759259259258,1.0447670901391408,-0.1466129914020178
characteristic,64.0,8.0,4391936.0,1066.6666666666667,1792.0,25.71875,37.0,2165760.0,6294016.0,2974,1.6418286829903197,1.7973303800419678,1.3989469420818144,0.7842552557029969
oracle,64.0,8.0,3388672.0,738.6666666666666,1024.0,19.21875,24.5,2453504.0,5182720.0,3198,1.9938750308718203,2.3294553146483343,1.8720867208672085,1.0
static,128.0,8.0,8548096.0,1946.6666666666667,3328.0,26.770833333333332,37.0,0.0,10043136.0,0,1.0289312023654762,0.9234524273007697,0.8832684824902723,0.05640872720043735
reactive,128.0,8.0,7893760.0,1578.6666666666667,2304.0,23.645833333333332,29.0,2455040.0,10333696.0,3197,1.0,1.0,1.0,0.0
history,128.0,8.0,7741440.0,1469.3333333333333,2048.0,22.958333333333332,27.0,4438016.0,11088896.0,4706,0.9318958352571798,1.0196759259259258,1.02994555353902,-0.1466129914020178
characteristic,128.0,8.0,4391936.0,1066.6666666666667,1792.0,17.385416666666668,23.0,2165760.0,6294016.0,2974,1.6418286829903197,1.7973303800419678,1.3600958657878968,0.7842552557029969
oracle,128.0,8.0,3388672.0,738.6666666666666,1024.0,13.447916666666666,17.25,2453504.0,5182720.0,3198,1.9938750308718203,2.3294553146483343,1.758326878388846,1.0
static,256.0,8.0,8548096.0,1946.6666666666667,3328.0,19.166666666666668,24.25,0.0,10043136.0,0,1.0289312023654762,0.9234524273007697,0.9119565217391304,0.05640872720043735
reactive,256.0,8.0,7893760.0,1578.6666666666667,2304.0,17.479166666666668,20.0,2455040.0,10333696.0,3197,1.0,1.0,1.0,0.0
history,256.0,8.0,7741440.0,1469.3333333333333,2048.0,17.21875,19.25,4438016.0,11088896.0,4706,0.9318958352571798,1.0196759259259258,1.015124016938899,-0.1466129914020178
characteristic,256.0,8.0,4391936.0,1066.6666666666667,1792.0,13.21875,17.0,2165760.0,6294016.0,2974,1.6418286829903197,1.7973303800419678,1.3223010244286841,0.7842552557029969
oracle,256.0,8.0,3388672.0,738.6666666666666,1024.0,10.5625,14.0,2453504.0,5182720.0,3198,1.9938750308718203,2.3294553146483343,1.6548323471400395,1.0
